"zybook_identifier","chapter_number","chapter_title","section_number","section_title","classification","target_week_or_topic","reason","dependency_note"
"SWOSUCOMSC1053ZacharyFall2026","1","1. Introduction to Python","1.1","1.1 Programming (general)","UNUSED","","CS1 prerequisite/repetition or extra-bank content; preserve student time for CS2 depth.","Assumed COMSC-1033 prerequisite."
"SWOSUCOMSC1053ZacharyFall2026","1","1. Introduction to Python","1.2","1.2 Programming using Python","UNUSED","","CS1 prerequisite/repetition or extra-bank content; preserve student time for CS2 depth.","Assumed COMSC-1033 prerequisite."
"SWOSUCOMSC1053ZacharyFall2026","1","1. Introduction to Python","1.3","1.3 Basic input and output","UNUSED","","CS1 prerequisite/repetition or extra-bank content; preserve student time for CS2 depth.","Assumed COMSC-1033 prerequisite."
"SWOSUCOMSC1053ZacharyFall2026","1","1. Introduction to Python","1.4","1.4 Errors","UNUSED","","CS1 prerequisite/repetition or extra-bank content; preserve student time for CS2 depth.","Assumed COMSC-1033 prerequisite."
"SWOSUCOMSC1053ZacharyFall2026","1","1. Introduction to Python","1.5","1.5 Integrated development environment","UNUSED","","CS1 prerequisite/repetition or extra-bank content; preserve student time for CS2 depth.","Assumed COMSC-1033 prerequisite."
"SWOSUCOMSC1053ZacharyFall2026","1","1. Introduction to Python","1.6","1.6 Computers and programs (general)","UNUSED","","CS1 prerequisite/repetition or extra-bank content; preserve student time for CS2 depth.","Assumed COMSC-1033 prerequisite."
"SWOSUCOMSC1053ZacharyFall2026","1","1. Introduction to Python","1.7","1.7 Computer tour","UNUSED","","CS1 prerequisite/repetition or extra-bank content; preserve student time for CS2 depth.","Assumed COMSC-1033 prerequisite."
"SWOSUCOMSC1053ZacharyFall2026","1","1. Introduction to Python","1.8","1.8 Language history","UNUSED","","CS1 prerequisite/repetition or extra-bank content; preserve student time for CS2 depth.","Assumed COMSC-1033 prerequisite."
"SWOSUCOMSC1053ZacharyFall2026","1","1. Introduction to Python","1.9","1.9 Why whitespace and precision matter","UNUSED","","CS1 prerequisite/repetition or extra-bank content; preserve student time for CS2 depth.","Assumed COMSC-1033 prerequisite."
"SWOSUCOMSC1053ZacharyFall2026","1","1. Introduction to Python","1.10","1.10 Python example: Salary calculation","UNUSED","","CS1 prerequisite/repetition or extra-bank content; preserve student time for CS2 depth.","Assumed COMSC-1033 prerequisite."
"SWOSUCOMSC1053ZacharyFall2026","1","1. Introduction to Python","1.11","1.11 Additional practice: Output art","UNUSED","","CS1 prerequisite/repetition or extra-bank content; preserve student time for CS2 depth.","Assumed COMSC-1033 prerequisite."
"SWOSUCOMSC1053ZacharyFall2026","1","1. Introduction to Python","1.12","1.12 zyLab training: Basics","UNUSED","","CS1 prerequisite/repetition or extra-bank content; preserve student time for CS2 depth.","Assumed COMSC-1033 prerequisite."
"SWOSUCOMSC1053ZacharyFall2026","1","1. Introduction to Python","1.13","1.13 zyLab training: Interactive console","UNUSED","","CS1 prerequisite/repetition or extra-bank content; preserve student time for CS2 depth.","Assumed COMSC-1033 prerequisite."
"SWOSUCOMSC1053ZacharyFall2026","1","1. Introduction to Python","1.14","1.14 LAB: Formatted output: Hello World!","UNUSED","","CS1 prerequisite/repetition or extra-bank content; preserve student time for CS2 depth.","Assumed COMSC-1033 prerequisite."
"SWOSUCOMSC1053ZacharyFall2026","1","1. Introduction to Python","1.15","1.15 LAB: Formatted output: No parking sign","UNUSED","","CS1 prerequisite/repetition or extra-bank content; preserve student time for CS2 depth.","Assumed COMSC-1033 prerequisite."
"SWOSUCOMSC1053ZacharyFall2026","1","1. Introduction to Python","1.16","1.16 LAB: Input: Welcome message","UNUSED","","CS1 prerequisite/repetition or extra-bank content; preserve student time for CS2 depth.","Assumed COMSC-1033 prerequisite."
"SWOSUCOMSC1053ZacharyFall2026","1","1. Introduction to Python","1.17","1.17 LAB: Input: Mad Lib","UNUSED","","CS1 prerequisite/repetition or extra-bank content; preserve student time for CS2 depth.","Assumed COMSC-1033 prerequisite."
"SWOSUCOMSC1053ZacharyFall2026","1","1. Introduction to Python","1.18","1.18 zyLab training*: One large program","UNUSED","","CS1 prerequisite/repetition or extra-bank content; preserve student time for CS2 depth.","Assumed COMSC-1033 prerequisite."
"SWOSUCOMSC1053ZacharyFall2026","1","1. Introduction to Python","1.19","1.19 zyLab training: Output format errors in Pluto.py","UNUSED","","CS1 prerequisite/repetition or extra-bank content; preserve student time for CS2 depth.","Assumed COMSC-1033 prerequisite."
"SWOSUCOMSC1053ZacharyFall2026","1","1. Introduction to Python","1.20","1.20 zyLab training: Logic errors in Kite.py","UNUSED","","CS1 prerequisite/repetition or extra-bank content; preserve student time for CS2 depth.","Assumed COMSC-1033 prerequisite."
"SWOSUCOMSC1053ZacharyFall2026","1","1. Introduction to Python","1.21","1.21 zyLab training: Syntax errors in Baseball.py","UNUSED","","CS1 prerequisite/repetition or extra-bank content; preserve student time for CS2 depth.","Assumed COMSC-1033 prerequisite."
"SWOSUCOMSC1053ZacharyFall2026","2","2. Variables and Expressions","2.1","2.1 Variables and assignments","UNUSED","","CS1 prerequisite/repetition or extra-bank content; preserve student time for CS2 depth.","Assumed COMSC-1033 prerequisite."
"SWOSUCOMSC1053ZacharyFall2026","2","2. Variables and Expressions","2.2","2.2 Identifiers","UNUSED","","CS1 prerequisite/repetition or extra-bank content; preserve student time for CS2 depth.","Assumed COMSC-1033 prerequisite."
"SWOSUCOMSC1053ZacharyFall2026","2","2. Variables and Expressions","2.3","2.3 Objects","UNUSED","","CS1 prerequisite/repetition or extra-bank content; preserve student time for CS2 depth.","Assumed COMSC-1033 prerequisite."
"SWOSUCOMSC1053ZacharyFall2026","2","2. Variables and Expressions","2.4","2.4 Numeric types: Floating-point","UNUSED","","CS1 prerequisite/repetition or extra-bank content; preserve student time for CS2 depth.","Assumed COMSC-1033 prerequisite."
"SWOSUCOMSC1053ZacharyFall2026","2","2. Variables and Expressions","2.5","2.5 Arithmetic expressions","UNUSED","","CS1 prerequisite/repetition or extra-bank content; preserve student time for CS2 depth.","Assumed COMSC-1033 prerequisite."
"SWOSUCOMSC1053ZacharyFall2026","2","2. Variables and Expressions","2.6","2.6 Python expressions","UNUSED","","CS1 prerequisite/repetition or extra-bank content; preserve student time for CS2 depth.","Assumed COMSC-1033 prerequisite."
"SWOSUCOMSC1053ZacharyFall2026","2","2. Variables and Expressions","2.7","2.7 Division and modulo","UNUSED","","CS1 prerequisite/repetition or extra-bank content; preserve student time for CS2 depth.","Assumed COMSC-1033 prerequisite."
"SWOSUCOMSC1053ZacharyFall2026","2","2. Variables and Expressions","2.8","2.8 Module basics","UNUSED","","CS1 prerequisite/repetition or extra-bank content; preserve student time for CS2 depth.","Assumed COMSC-1033 prerequisite."
"SWOSUCOMSC1053ZacharyFall2026","2","2. Variables and Expressions","2.9","2.9 Math module","UNUSED","","CS1 prerequisite/repetition or extra-bank content; preserve student time for CS2 depth.","Assumed COMSC-1033 prerequisite."
"SWOSUCOMSC1053ZacharyFall2026","2","2. Variables and Expressions","2.10","2.10 Random numbers","UNUSED","","CS1 prerequisite/repetition or extra-bank content; preserve student time for CS2 depth.","Assumed COMSC-1033 prerequisite."
"SWOSUCOMSC1053ZacharyFall2026","2","2. Variables and Expressions","2.11","2.11 Representing text","UNUSED","","CS1 prerequisite/repetition or extra-bank content; preserve student time for CS2 depth.","Assumed COMSC-1033 prerequisite."
"SWOSUCOMSC1053ZacharyFall2026","2","2. Variables and Expressions","2.12","2.12 Style guidelines","UNUSED","","CS1 prerequisite/repetition or extra-bank content; preserve student time for CS2 depth.","Assumed COMSC-1033 prerequisite."
"SWOSUCOMSC1053ZacharyFall2026","2","2. Variables and Expressions","2.13","2.13 Additional practice: Number games","UNUSED","","CS1 prerequisite/repetition or extra-bank content; preserve student time for CS2 depth.","Assumed COMSC-1033 prerequisite."
"SWOSUCOMSC1053ZacharyFall2026","2","2. Variables and Expressions","2.14","2.14 LAB: Divide input integers","UNUSED","","CS1 prerequisite/repetition or extra-bank content; preserve student time for CS2 depth.","Assumed COMSC-1033 prerequisite."
"SWOSUCOMSC1053ZacharyFall2026","2","2. Variables and Expressions","2.15","2.15 LAB: Driving costs","UNUSED","","CS1 prerequisite/repetition or extra-bank content; preserve student time for CS2 depth.","Assumed COMSC-1033 prerequisite."
"SWOSUCOMSC1053ZacharyFall2026","2","2. Variables and Expressions","2.16","2.16 LAB: Expression for calories burned during workout","UNUSED","","CS1 prerequisite/repetition or extra-bank content; preserve student time for CS2 depth.","Assumed COMSC-1033 prerequisite."
"SWOSUCOMSC1053ZacharyFall2026","2","2. Variables and Expressions","2.17","2.17 LAB: Using math functions","UNUSED","","CS1 prerequisite/repetition or extra-bank content; preserve student time for CS2 depth.","Assumed COMSC-1033 prerequisite."
"SWOSUCOMSC1053ZacharyFall2026","2","2. Variables and Expressions","2.18","2.18 LAB: Musical note frequencies","UNUSED","","CS1 prerequisite/repetition or extra-bank content; preserve student time for CS2 depth.","Assumed COMSC-1033 prerequisite."
"SWOSUCOMSC1053ZacharyFall2026","2","2. Variables and Expressions","2.19","2.19 LAB: Convert to dollars","UNUSED","","CS1 prerequisite/repetition or extra-bank content; preserve student time for CS2 depth.","Assumed COMSC-1033 prerequisite."
"SWOSUCOMSC1053ZacharyFall2026","3","3. Types","3.1","3.1 String basics","UNUSED","","CS1 prerequisite/repetition or extra-bank content; preserve student time for CS2 depth.","Assumed COMSC-1033 prerequisite."
"SWOSUCOMSC1053ZacharyFall2026","3","3. Types","3.2","3.2 List basics","UNUSED","","CS1 prerequisite/repetition or extra-bank content; preserve student time for CS2 depth.","Assumed COMSC-1033 prerequisite."
"SWOSUCOMSC1053ZacharyFall2026","3","3. Types","3.3","3.3 Tuple basics","UNUSED","","CS1 prerequisite/repetition or extra-bank content; preserve student time for CS2 depth.","Assumed COMSC-1033 prerequisite."
"SWOSUCOMSC1053ZacharyFall2026","3","3. Types","3.4","3.4 Set basics","UNUSED","","CS1 prerequisite/repetition or extra-bank content; preserve student time for CS2 depth.","Assumed COMSC-1033 prerequisite."
"SWOSUCOMSC1053ZacharyFall2026","3","3. Types","3.5","3.5 Dictionary basics","UNUSED","","CS1 prerequisite/repetition or extra-bank content; preserve student time for CS2 depth.","Assumed COMSC-1033 prerequisite."
"SWOSUCOMSC1053ZacharyFall2026","3","3. Types","3.6","3.6 Common data types summary","UNUSED","","CS1 prerequisite/repetition or extra-bank content; preserve student time for CS2 depth.","Assumed COMSC-1033 prerequisite."
"SWOSUCOMSC1053ZacharyFall2026","3","3. Types","3.7","3.7 Additional practice: Grade calculation","UNUSED","","CS1 prerequisite/repetition or extra-bank content; preserve student time for CS2 depth.","Assumed COMSC-1033 prerequisite."
"SWOSUCOMSC1053ZacharyFall2026","3","3. Types","3.8","3.8 Type conversions","UNUSED","","CS1 prerequisite/repetition or extra-bank content; preserve student time for CS2 depth.","Assumed COMSC-1033 prerequisite."
"SWOSUCOMSC1053ZacharyFall2026","3","3. Types","3.9","3.9 Binary numbers","UNUSED","","CS1 prerequisite/repetition or extra-bank content; preserve student time for CS2 depth.","Assumed COMSC-1033 prerequisite."
"SWOSUCOMSC1053ZacharyFall2026","3","3. Types","3.10","3.10 String formatting","UNUSED","","CS1 prerequisite/repetition or extra-bank content; preserve student time for CS2 depth.","Assumed COMSC-1033 prerequisite."
"SWOSUCOMSC1053ZacharyFall2026","3","3. Types","3.11","3.11 Additional practice: Health data","UNUSED","","CS1 prerequisite/repetition or extra-bank content; preserve student time for CS2 depth.","Assumed COMSC-1033 prerequisite."
"SWOSUCOMSC1053ZacharyFall2026","3","3. Types","3.12","3.12 LAB: Input and formatted output: Right-facing arrow","UNUSED","","CS1 prerequisite/repetition or extra-bank content; preserve student time for CS2 depth.","Assumed COMSC-1033 prerequisite."
"SWOSUCOMSC1053ZacharyFall2026","3","3. Types","3.13","3.13 LAB: Phone number breakdown","UNUSED","","CS1 prerequisite/repetition or extra-bank content; preserve student time for CS2 depth.","Assumed COMSC-1033 prerequisite."
"SWOSUCOMSC1053ZacharyFall2026","3","3. Types","3.14","3.14 LAB: Input and formatted output: Caffeine levels","UNUSED","","CS1 prerequisite/repetition or extra-bank content; preserve student time for CS2 depth.","Assumed COMSC-1033 prerequisite."
"SWOSUCOMSC1053ZacharyFall2026","3","3. Types","3.15","3.15 LAB: Input and formatted output: House real estate summary","UNUSED","","CS1 prerequisite/repetition or extra-bank content; preserve student time for CS2 depth.","Assumed COMSC-1033 prerequisite."
"SWOSUCOMSC1053ZacharyFall2026","3","3. Types","3.16","3.16 LAB: Simple statistics","UNUSED","","CS1 prerequisite/repetition or extra-bank content; preserve student time for CS2 depth.","Assumed COMSC-1033 prerequisite."
"SWOSUCOMSC1053ZacharyFall2026","3","3. Types","3.17","3.17 LAB: List basics","UNUSED","","CS1 prerequisite/repetition or extra-bank content; preserve student time for CS2 depth.","Assumed COMSC-1033 prerequisite."
"SWOSUCOMSC1053ZacharyFall2026","3","3. Types","3.18","3.18 LAB: Set basics","UNUSED","","CS1 prerequisite/repetition or extra-bank content; preserve student time for CS2 depth.","Assumed COMSC-1033 prerequisite."
"SWOSUCOMSC1053ZacharyFall2026","4","4. Branching","4.1","4.1 If-else branches (general)","UNUSED","","CS1 prerequisite/repetition or extra-bank content; preserve student time for CS2 depth.","Assumed COMSC-1033 prerequisite."
"SWOSUCOMSC1053ZacharyFall2026","4","4. Branching","4.2","4.2 Detecting equal values with branches","UNUSED","","CS1 prerequisite/repetition or extra-bank content; preserve student time for CS2 depth.","Assumed COMSC-1033 prerequisite."
"SWOSUCOMSC1053ZacharyFall2026","4","4. Branching","4.3","4.3 Detecting ranges with branches (general)","UNUSED","","CS1 prerequisite/repetition or extra-bank content; preserve student time for CS2 depth.","Assumed COMSC-1033 prerequisite."
"SWOSUCOMSC1053ZacharyFall2026","4","4. Branching","4.4","4.4 Detecting ranges with branches","UNUSED","","CS1 prerequisite/repetition or extra-bank content; preserve student time for CS2 depth.","Assumed COMSC-1033 prerequisite."
"SWOSUCOMSC1053ZacharyFall2026","4","4. Branching","4.5","4.5 Detecting ranges using logical operators","UNUSED","","CS1 prerequisite/repetition or extra-bank content; preserve student time for CS2 depth.","Assumed COMSC-1033 prerequisite."
"SWOSUCOMSC1053ZacharyFall2026","4","4. Branching","4.6","4.6 Detecting ranges with gaps","UNUSED","","CS1 prerequisite/repetition or extra-bank content; preserve student time for CS2 depth.","Assumed COMSC-1033 prerequisite."
"SWOSUCOMSC1053ZacharyFall2026","4","4. Branching","4.7","4.7 Detecting multiple features with branches","UNUSED","","CS1 prerequisite/repetition or extra-bank content; preserve student time for CS2 depth.","Assumed COMSC-1033 prerequisite."
"SWOSUCOMSC1053ZacharyFall2026","4","4. Branching","4.8","4.8 Comparing data types and common errors","UNUSED","","CS1 prerequisite/repetition or extra-bank content; preserve student time for CS2 depth.","Assumed COMSC-1033 prerequisite."
"SWOSUCOMSC1053ZacharyFall2026","4","4. Branching","4.9","4.9 Membership and identity operators","UNUSED","","CS1 prerequisite/repetition or extra-bank content; preserve student time for CS2 depth.","Assumed COMSC-1033 prerequisite."
"SWOSUCOMSC1053ZacharyFall2026","4","4. Branching","4.10","4.10 Order of evaluation","UNUSED","","CS1 prerequisite/repetition or extra-bank content; preserve student time for CS2 depth.","Assumed COMSC-1033 prerequisite."
"SWOSUCOMSC1053ZacharyFall2026","4","4. Branching","4.11","4.11 Code blocks and indentation","UNUSED","","CS1 prerequisite/repetition or extra-bank content; preserve student time for CS2 depth.","Assumed COMSC-1033 prerequisite."
"SWOSUCOMSC1053ZacharyFall2026","4","4. Branching","4.12","4.12 Conditional expressions","UNUSED","","CS1 prerequisite/repetition or extra-bank content; preserve student time for CS2 depth.","Assumed COMSC-1033 prerequisite."
"SWOSUCOMSC1053ZacharyFall2026","4","4. Branching","4.13","4.13 Additional practice: Abbreviation decoder","UNUSED","","CS1 prerequisite/repetition or extra-bank content; preserve student time for CS2 depth.","Assumed COMSC-1033 prerequisite."
"SWOSUCOMSC1053ZacharyFall2026","4","4. Branching","4.14","4.14 LAB: Smallest number","UNUSED","","CS1 prerequisite/repetition or extra-bank content; preserve student time for CS2 depth.","Assumed COMSC-1033 prerequisite."
"SWOSUCOMSC1053ZacharyFall2026","4","4. Branching","4.15","4.15 LAB: Interstate highway numbers","UNUSED","","CS1 prerequisite/repetition or extra-bank content; preserve student time for CS2 depth.","Assumed COMSC-1033 prerequisite."
"SWOSUCOMSC1053ZacharyFall2026","4","4. Branching","4.16","4.16 LAB: Seasons","UNUSED","","CS1 prerequisite/repetition or extra-bank content; preserve student time for CS2 depth.","Assumed COMSC-1033 prerequisite."
"SWOSUCOMSC1053ZacharyFall2026","4","4. Branching","4.17","4.17 LAB: Exact change","UNUSED","","CS1 prerequisite/repetition or extra-bank content; preserve student time for CS2 depth.","Assumed COMSC-1033 prerequisite."
"SWOSUCOMSC1053ZacharyFall2026","4","4. Branching","4.18","4.18 LAB: Leap year","UNUSED","","CS1 prerequisite/repetition or extra-bank content; preserve student time for CS2 depth.","Assumed COMSC-1033 prerequisite."
"SWOSUCOMSC1053ZacharyFall2026","4","4. Branching","4.19","4.19 LAB: Golf scores","UNUSED","","CS1 prerequisite/repetition or extra-bank content; preserve student time for CS2 depth.","Assumed COMSC-1033 prerequisite."
"SWOSUCOMSC1053ZacharyFall2026","5","5. Loops","5.1","5.1 Loops (general)","UNUSED","","CS1 prerequisite/repetition or extra-bank content; preserve student time for CS2 depth.","Assumed COMSC-1033 prerequisite."
"SWOSUCOMSC1053ZacharyFall2026","5","5. Loops","5.2","5.2 While loops","UNUSED","","CS1 prerequisite/repetition or extra-bank content; preserve student time for CS2 depth.","Assumed COMSC-1033 prerequisite."
"SWOSUCOMSC1053ZacharyFall2026","5","5. Loops","5.3","5.3 More while loop examples","UNUSED","","CS1 prerequisite/repetition or extra-bank content; preserve student time for CS2 depth.","Assumed COMSC-1033 prerequisite."
"SWOSUCOMSC1053ZacharyFall2026","5","5. Loops","5.4","5.4 Counting","UNUSED","","CS1 prerequisite/repetition or extra-bank content; preserve student time for CS2 depth.","Assumed COMSC-1033 prerequisite."
"SWOSUCOMSC1053ZacharyFall2026","5","5. Loops","5.5","5.5 For loops","UNUSED","","CS1 prerequisite/repetition or extra-bank content; preserve student time for CS2 depth.","Assumed COMSC-1033 prerequisite."
"SWOSUCOMSC1053ZacharyFall2026","5","5. Loops","5.6","5.6 Counting using the range() function","UNUSED","","CS1 prerequisite/repetition or extra-bank content; preserve student time for CS2 depth.","Assumed COMSC-1033 prerequisite."
"SWOSUCOMSC1053ZacharyFall2026","5","5. Loops","5.7","5.7 While vs. for loops","UNUSED","","CS1 prerequisite/repetition or extra-bank content; preserve student time for CS2 depth.","Assumed COMSC-1033 prerequisite."
"SWOSUCOMSC1053ZacharyFall2026","5","5. Loops","5.8","5.8 Nested loops","UNUSED","","CS1 prerequisite/repetition or extra-bank content; preserve student time for CS2 depth.","Assumed COMSC-1033 prerequisite."
"SWOSUCOMSC1053ZacharyFall2026","5","5. Loops","5.9","5.9 Developing programs incrementally","UNUSED","","CS1 prerequisite/repetition or extra-bank content; preserve student time for CS2 depth.","Assumed COMSC-1033 prerequisite."
"SWOSUCOMSC1053ZacharyFall2026","5","5. Loops","5.10","5.10 Break and continue","UNUSED","","CS1 prerequisite/repetition or extra-bank content; preserve student time for CS2 depth.","Assumed COMSC-1033 prerequisite."
"SWOSUCOMSC1053ZacharyFall2026","5","5. Loops","5.11","5.11 Loop else","UNUSED","","CS1 prerequisite/repetition or extra-bank content; preserve student time for CS2 depth.","Assumed COMSC-1033 prerequisite."
"SWOSUCOMSC1053ZacharyFall2026","5","5. Loops","5.12","5.12 Getting both index and value when looping: enumerate()","UNUSED","","CS1 prerequisite/repetition or extra-bank content; preserve student time for CS2 depth.","Assumed COMSC-1033 prerequisite."
"SWOSUCOMSC1053ZacharyFall2026","5","5. Loops","5.13","5.13 Additional practice: Dice statistics","UNUSED","","CS1 prerequisite/repetition or extra-bank content; preserve student time for CS2 depth.","Assumed COMSC-1033 prerequisite."
"SWOSUCOMSC1053ZacharyFall2026","5","5. Loops","5.14","5.14 LAB: Convert to reverse binary","UNUSED","","CS1 prerequisite/repetition or extra-bank content; preserve student time for CS2 depth.","Assumed COMSC-1033 prerequisite."
"SWOSUCOMSC1053ZacharyFall2026","5","5. Loops","5.15","5.15 LAB: Password modifier","UNUSED","","CS1 prerequisite/repetition or extra-bank content; preserve student time for CS2 depth.","Assumed COMSC-1033 prerequisite."
"SWOSUCOMSC1053ZacharyFall2026","5","5. Loops","5.16","5.16 LAB: Output range with increment of 5","UNUSED","","CS1 prerequisite/repetition or extra-bank content; preserve student time for CS2 depth.","Assumed COMSC-1033 prerequisite."
"SWOSUCOMSC1053ZacharyFall2026","5","5. Loops","5.17","5.17 LAB: Print string in reverse","UNUSED","","CS1 prerequisite/repetition or extra-bank content; preserve student time for CS2 depth.","Assumed COMSC-1033 prerequisite."
"SWOSUCOMSC1053ZacharyFall2026","5","5. Loops","5.18","5.18 LAB: Brute force equation solver","UNUSED","","CS1 prerequisite/repetition or extra-bank content; preserve student time for CS2 depth.","Assumed COMSC-1033 prerequisite."
"SWOSUCOMSC1053ZacharyFall2026","5","5. Loops","5.19","5.19 LAB: Adjust values in a list by normalizing","UNUSED","","CS1 prerequisite/repetition or extra-bank content; preserve student time for CS2 depth.","Assumed COMSC-1033 prerequisite."
"SWOSUCOMSC1053ZacharyFall2026","6","6. Functions","6.1","6.1 User-defined function basics","UNUSED","","CS1 prerequisite/repetition or extra-bank content; preserve student time for CS2 depth.","Assumed COMSC-1033 prerequisite."
"SWOSUCOMSC1053ZacharyFall2026","6","6. Functions","6.2","6.2 Print functions","UNUSED","","CS1 prerequisite/repetition or extra-bank content; preserve student time for CS2 depth.","Assumed COMSC-1033 prerequisite."
"SWOSUCOMSC1053ZacharyFall2026","6","6. Functions","6.3","6.3 Dynamic typing","UNUSED","","CS1 prerequisite/repetition or extra-bank content; preserve student time for CS2 depth.","Assumed COMSC-1033 prerequisite."
"SWOSUCOMSC1053ZacharyFall2026","6","6. Functions","6.4","6.4 Reasons for defining functions","UNUSED","","CS1 prerequisite/repetition or extra-bank content; preserve student time for CS2 depth.","Assumed COMSC-1033 prerequisite."
"SWOSUCOMSC1053ZacharyFall2026","6","6. Functions","6.5","6.5 Writing mathematical functions","UNUSED","","CS1 prerequisite/repetition or extra-bank content; preserve student time for CS2 depth.","Assumed COMSC-1033 prerequisite."
"SWOSUCOMSC1053ZacharyFall2026","6","6. Functions","6.6","6.6 Function stubs","UNUSED","","CS1 prerequisite/repetition or extra-bank content; preserve student time for CS2 depth.","Assumed COMSC-1033 prerequisite."
"SWOSUCOMSC1053ZacharyFall2026","6","6. Functions","6.7","6.7 Functions with branches/loops","UNUSED","","CS1 prerequisite/repetition or extra-bank content; preserve student time for CS2 depth.","Assumed COMSC-1033 prerequisite."
"SWOSUCOMSC1053ZacharyFall2026","6","6. Functions","6.8","6.8 Functions are objects","UNUSED","","CS1 prerequisite/repetition or extra-bank content; preserve student time for CS2 depth.","Assumed COMSC-1033 prerequisite."
"SWOSUCOMSC1053ZacharyFall2026","6","6. Functions","6.9","6.9 Functions: Common errors","UNUSED","","CS1 prerequisite/repetition or extra-bank content; preserve student time for CS2 depth.","Assumed COMSC-1033 prerequisite."
"SWOSUCOMSC1053ZacharyFall2026","6","6. Functions","6.10","6.10 Scope of variables and functions","UNUSED","","CS1 prerequisite/repetition or extra-bank content; preserve student time for CS2 depth.","Assumed COMSC-1033 prerequisite."
"SWOSUCOMSC1053ZacharyFall2026","6","6. Functions","6.11","6.11 Namespaces and scope resolution","UNUSED","","CS1 prerequisite/repetition or extra-bank content; preserve student time for CS2 depth.","Assumed COMSC-1033 prerequisite."
"SWOSUCOMSC1053ZacharyFall2026","6","6. Functions","6.12","6.12 Function arguments","UNUSED","","CS1 prerequisite/repetition or extra-bank content; preserve student time for CS2 depth.","Assumed COMSC-1033 prerequisite."
"SWOSUCOMSC1053ZacharyFall2026","6","6. Functions","6.13","6.13 Keyword arguments and default parameter values","UNUSED","","CS1 prerequisite/repetition or extra-bank content; preserve student time for CS2 depth.","Assumed COMSC-1033 prerequisite."
"SWOSUCOMSC1053ZacharyFall2026","6","6. Functions","6.14","6.14 Arbitrary argument lists","UNUSED","","CS1 prerequisite/repetition or extra-bank content; preserve student time for CS2 depth.","Assumed COMSC-1033 prerequisite."
"SWOSUCOMSC1053ZacharyFall2026","6","6. Functions","6.15","6.15 Multiple function outputs","UNUSED","","CS1 prerequisite/repetition or extra-bank content; preserve student time for CS2 depth.","Assumed COMSC-1033 prerequisite."
"SWOSUCOMSC1053ZacharyFall2026","6","6. Functions","6.16","6.16 Help! Using docstrings to document functions","UNUSED","","CS1 prerequisite/repetition or extra-bank content; preserve student time for CS2 depth.","Assumed COMSC-1033 prerequisite."
"SWOSUCOMSC1053ZacharyFall2026","6","6. Functions","6.17","6.17 Engineering examples","UNUSED","","CS1 prerequisite/repetition or extra-bank content; preserve student time for CS2 depth.","Assumed COMSC-1033 prerequisite."
"SWOSUCOMSC1053ZacharyFall2026","6","6. Functions","6.18","6.18 zyLab training: Unit tests to evaluate your program","UNUSED","","CS1 prerequisite/repetition or extra-bank content; preserve student time for CS2 depth.","Assumed COMSC-1033 prerequisite."
"SWOSUCOMSC1053ZacharyFall2026","6","6. Functions","6.19","6.19 LAB: Driving costs - functions","UNUSED","","CS1 prerequisite/repetition or extra-bank content; preserve student time for CS2 depth.","Assumed COMSC-1033 prerequisite."
"SWOSUCOMSC1053ZacharyFall2026","6","6. Functions","6.20","6.20 LAB: Step counter","UNUSED","","CS1 prerequisite/repetition or extra-bank content; preserve student time for CS2 depth.","Assumed COMSC-1033 prerequisite."
"SWOSUCOMSC1053ZacharyFall2026","6","6. Functions","6.21","6.21 LAB: Convert to binary - functions","UNUSED","","CS1 prerequisite/repetition or extra-bank content; preserve student time for CS2 depth.","Assumed COMSC-1033 prerequisite."
"SWOSUCOMSC1053ZacharyFall2026","6","6. Functions","6.22","6.22 LAB: Swapping variables","UNUSED","","CS1 prerequisite/repetition or extra-bank content; preserve student time for CS2 depth.","Assumed COMSC-1033 prerequisite."
"SWOSUCOMSC1053ZacharyFall2026","6","6. Functions","6.23","6.23 LAB: Fibonacci sequence","UNUSED","","CS1 prerequisite/repetition or extra-bank content; preserve student time for CS2 depth.","Assumed COMSC-1033 prerequisite."
"SWOSUCOMSC1053ZacharyFall2026","7","7. Strings","7.1","7.1 String slicing","UNUSED","","CS1 prerequisite/repetition or extra-bank content; preserve student time for CS2 depth.","Assumed COMSC-1033 prerequisite."
"SWOSUCOMSC1053ZacharyFall2026","7","7. Strings","7.2","7.2 Advanced string formatting","UNUSED","","CS1 prerequisite/repetition or extra-bank content; preserve student time for CS2 depth.","Assumed COMSC-1033 prerequisite."
"SWOSUCOMSC1053ZacharyFall2026","7","7. Strings","7.3","7.3 String methods","UNUSED","","CS1 prerequisite/repetition or extra-bank content; preserve student time for CS2 depth.","Assumed COMSC-1033 prerequisite."
"SWOSUCOMSC1053ZacharyFall2026","7","7. Strings","7.4","7.4 Splitting and joining strings","UNUSED","","CS1 prerequisite/repetition or extra-bank content; preserve student time for CS2 depth.","Assumed COMSC-1033 prerequisite."
"SWOSUCOMSC1053ZacharyFall2026","7","7. Strings","7.5","7.5 LAB: Checker for integer string","UNUSED","","CS1 prerequisite/repetition or extra-bank content; preserve student time for CS2 depth.","Assumed COMSC-1033 prerequisite."
"SWOSUCOMSC1053ZacharyFall2026","7","7. Strings","7.6","7.6 LAB: Name format","UNUSED","","CS1 prerequisite/repetition or extra-bank content; preserve student time for CS2 depth.","Assumed COMSC-1033 prerequisite."
"SWOSUCOMSC1053ZacharyFall2026","7","7. Strings","7.7","7.7 LAB: Count characters","UNUSED","","CS1 prerequisite/repetition or extra-bank content; preserve student time for CS2 depth.","Assumed COMSC-1033 prerequisite."
"SWOSUCOMSC1053ZacharyFall2026","7","7. Strings","7.8","7.8 LAB: Mad Lib - loops","UNUSED","","CS1 prerequisite/repetition or extra-bank content; preserve student time for CS2 depth.","Assumed COMSC-1033 prerequisite."
"SWOSUCOMSC1053ZacharyFall2026","7","7. Strings","7.9","7.9 LAB: Palindrome","UNUSED","","CS1 prerequisite/repetition or extra-bank content; preserve student time for CS2 depth.","Assumed COMSC-1033 prerequisite."
"SWOSUCOMSC1053ZacharyFall2026","7","7. Strings","7.10","7.10 LAB: Remove all non-alpha characters","UNUSED","","CS1 prerequisite/repetition or extra-bank content; preserve student time for CS2 depth.","Assumed COMSC-1033 prerequisite."
"SWOSUCOMSC1053ZacharyFall2026","8","8. Lists and Dictionaries","8.1","8.1 Lists","UNUSED","","CS1 prerequisite/repetition or extra-bank content; preserve student time for CS2 depth.","Assumed COMSC-1033 prerequisite."
"SWOSUCOMSC1053ZacharyFall2026","8","8. Lists and Dictionaries","8.2","8.2 List methods","UNUSED","","CS1 prerequisite/repetition or extra-bank content; preserve student time for CS2 depth.","Assumed COMSC-1033 prerequisite."
"SWOSUCOMSC1053ZacharyFall2026","8","8. Lists and Dictionaries","8.3","8.3 Iterating over a list","UNUSED","","CS1 prerequisite/repetition or extra-bank content; preserve student time for CS2 depth.","Assumed COMSC-1033 prerequisite."
"SWOSUCOMSC1053ZacharyFall2026","8","8. Lists and Dictionaries","8.4","8.4 List games","UNUSED","","CS1 prerequisite/repetition or extra-bank content; preserve student time for CS2 depth.","Assumed COMSC-1033 prerequisite."
"SWOSUCOMSC1053ZacharyFall2026","8","8. Lists and Dictionaries","8.5","8.5 List nesting","UNUSED","","CS1 prerequisite/repetition or extra-bank content; preserve student time for CS2 depth.","Assumed COMSC-1033 prerequisite."
"SWOSUCOMSC1053ZacharyFall2026","8","8. Lists and Dictionaries","8.6","8.6 List slicing","UNUSED","","CS1 prerequisite/repetition or extra-bank content; preserve student time for CS2 depth.","Assumed COMSC-1033 prerequisite."
"SWOSUCOMSC1053ZacharyFall2026","8","8. Lists and Dictionaries","8.7","8.7 Loops modifying lists","UNUSED","","CS1 prerequisite/repetition or extra-bank content; preserve student time for CS2 depth.","Assumed COMSC-1033 prerequisite."
"SWOSUCOMSC1053ZacharyFall2026","8","8. Lists and Dictionaries","8.8","8.8 List comprehensions","UNUSED","","CS1 prerequisite/repetition or extra-bank content; preserve student time for CS2 depth.","Assumed COMSC-1033 prerequisite."
"SWOSUCOMSC1053ZacharyFall2026","8","8. Lists and Dictionaries","8.9","8.9 Sorting lists","UNUSED","","CS1 prerequisite/repetition or extra-bank content; preserve student time for CS2 depth.","Assumed COMSC-1033 prerequisite."
"SWOSUCOMSC1053ZacharyFall2026","8","8. Lists and Dictionaries","8.10","8.10 Command-line arguments","UNUSED","","CS1 prerequisite/repetition or extra-bank content; preserve student time for CS2 depth.","Assumed COMSC-1033 prerequisite."
"SWOSUCOMSC1053ZacharyFall2026","8","8. Lists and Dictionaries","8.11","8.11 Additional practice: Engineering examples","UNUSED","","CS1 prerequisite/repetition or extra-bank content; preserve student time for CS2 depth.","Assumed COMSC-1033 prerequisite."
"SWOSUCOMSC1053ZacharyFall2026","8","8. Lists and Dictionaries","8.12","8.12 Dictionaries","UNUSED","","CS1 prerequisite/repetition or extra-bank content; preserve student time for CS2 depth.","Assumed COMSC-1033 prerequisite."
"SWOSUCOMSC1053ZacharyFall2026","8","8. Lists and Dictionaries","8.13","8.13 Dictionary methods","UNUSED","","CS1 prerequisite/repetition or extra-bank content; preserve student time for CS2 depth.","Assumed COMSC-1033 prerequisite."
"SWOSUCOMSC1053ZacharyFall2026","8","8. Lists and Dictionaries","8.14","8.14 Iterating over a dictionary","UNUSED","","CS1 prerequisite/repetition or extra-bank content; preserve student time for CS2 depth.","Assumed COMSC-1033 prerequisite."
"SWOSUCOMSC1053ZacharyFall2026","8","8. Lists and Dictionaries","8.15","8.15 Dictionary nesting","UNUSED","","CS1 prerequisite/repetition or extra-bank content; preserve student time for CS2 depth.","Assumed COMSC-1033 prerequisite."
"SWOSUCOMSC1053ZacharyFall2026","8","8. Lists and Dictionaries","8.16","8.16 LAB: Varied amount of input data","UNUSED","","CS1 prerequisite/repetition or extra-bank content; preserve student time for CS2 depth.","Assumed COMSC-1033 prerequisite."
"SWOSUCOMSC1053ZacharyFall2026","8","8. Lists and Dictionaries","8.17","8.17 LAB: Filter and sort a list","UNUSED","","CS1 prerequisite/repetition or extra-bank content; preserve student time for CS2 depth.","Assumed COMSC-1033 prerequisite."
"SWOSUCOMSC1053ZacharyFall2026","8","8. Lists and Dictionaries","8.18","8.18 LAB: Elements in a range","UNUSED","","CS1 prerequisite/repetition or extra-bank content; preserve student time for CS2 depth.","Assumed COMSC-1033 prerequisite."
"SWOSUCOMSC1053ZacharyFall2026","8","8. Lists and Dictionaries","8.19","8.19 LAB: Contact list","UNUSED","","CS1 prerequisite/repetition or extra-bank content; preserve student time for CS2 depth.","Assumed COMSC-1033 prerequisite."
"SWOSUCOMSC1053ZacharyFall2026","8","8. Lists and Dictionaries","8.20","8.20 LAB: Car wash","UNUSED","","CS1 prerequisite/repetition or extra-bank content; preserve student time for CS2 depth.","Assumed COMSC-1033 prerequisite."
"SWOSUCOMSC1053ZacharyFall2026","8","8. Lists and Dictionaries","8.21","8.21 LAB: Check if list is sorted","UNUSED","","CS1 prerequisite/repetition or extra-bank content; preserve student time for CS2 depth.","Assumed COMSC-1033 prerequisite."
"SWOSUCOMSC1053ZacharyFall2026","9","9. Classes","9.1","9.1 Classes: Introduction","OPTIONAL","1 / as needed","Reference, refresher, enrichment, or extra practice; not required for all students.","Use only to diagnose/review OOP carryover."
"SWOSUCOMSC1053ZacharyFall2026","9","9. Classes","9.2","9.2 Classes: Grouping data","OPTIONAL","1 / as needed","Reference, refresher, enrichment, or extra practice; not required for all students.","Use only to diagnose/review OOP carryover."
"SWOSUCOMSC1053ZacharyFall2026","9","9. Classes","9.3","9.3 Instance methods","OPTIONAL","1 / as needed","Reference, refresher, enrichment, or extra practice; not required for all students.","Use only to diagnose/review OOP carryover."
"SWOSUCOMSC1053ZacharyFall2026","9","9. Classes","9.4","9.4 Class and instance object types","OPTIONAL","1 / as needed","Reference, refresher, enrichment, or extra practice; not required for all students.","Use only to diagnose/review OOP carryover."
"SWOSUCOMSC1053ZacharyFall2026","9","9. Classes","9.5","9.5 Class example: Seat reservation system","OPTIONAL","1 / as needed","Reference, refresher, enrichment, or extra practice; not required for all students.","Use only to diagnose/review OOP carryover."
"SWOSUCOMSC1053ZacharyFall2026","9","9. Classes","9.6","9.6 Class constructors","OPTIONAL","1 / as needed","Reference, refresher, enrichment, or extra practice; not required for all students.","Use only to diagnose/review OOP carryover."
"SWOSUCOMSC1053ZacharyFall2026","9","9. Classes","9.7","9.7 Class interfaces","OPTIONAL","1 / as needed","Reference, refresher, enrichment, or extra practice; not required for all students.","Use only to diagnose/review OOP carryover."
"SWOSUCOMSC1053ZacharyFall2026","9","9. Classes","9.8","9.8 Class customization","OPTIONAL","1 / as needed","Reference, refresher, enrichment, or extra practice; not required for all students.","Use only to diagnose/review OOP carryover."
"SWOSUCOMSC1053ZacharyFall2026","9","9. Classes","9.9","9.9 More operator overloading: Classes as numeric types","OPTIONAL","1 / as needed","Reference, refresher, enrichment, or extra practice; not required for all students.","Use only to diagnose/review OOP carryover."
"SWOSUCOMSC1053ZacharyFall2026","9","9. Classes","9.10","9.10 Memory allocation and garbage collection","OPTIONAL","1 / as needed","Reference, refresher, enrichment, or extra practice; not required for all students.","Use only to diagnose/review OOP carryover."
"SWOSUCOMSC1053ZacharyFall2026","9","9. Classes","9.11","9.11 LAB: Car value (classes)","OPTIONAL","1 / as needed","Reference, refresher, enrichment, or extra practice; not required for all students.","Use only to diagnose/review OOP carryover."
"SWOSUCOMSC1053ZacharyFall2026","9","9. Classes","9.12","9.12 LAB: Nutritional information (classes/constructors)","OPTIONAL","1 / as needed","Reference, refresher, enrichment, or extra practice; not required for all students.","Use only to diagnose/review OOP carryover."
"SWOSUCOMSC1053ZacharyFall2026","9","9. Classes","9.13","9.13 LAB: Artwork label (classes/constructors)","OPTIONAL","1 / as needed","Reference, refresher, enrichment, or extra practice; not required for all students.","Use only to diagnose/review OOP carryover."
"SWOSUCOMSC1053ZacharyFall2026","9","9. Classes","9.14","9.14 LAB: Triangle area comparison (classes)","OPTIONAL","1 / as needed","Reference, refresher, enrichment, or extra practice; not required for all students.","Use only to diagnose/review OOP carryover."
"SWOSUCOMSC1053ZacharyFall2026","9","9. Classes","9.15","9.15 LAB: Winning team (classes)","OPTIONAL","1 / as needed","Reference, refresher, enrichment, or extra practice; not required for all students.","Use only to diagnose/review OOP carryover."
"SWOSUCOMSC1053ZacharyFall2026","9","9. Classes","9.16","9.16 LAB: Vending machine","OPTIONAL","1 / as needed","Reference, refresher, enrichment, or extra practice; not required for all students.","Use only to diagnose/review OOP carryover."
"SWOSUCOMSC1053ZacharyFall2026","10","10. Exceptions","10.1","10.1 Handling exceptions using try and except","KEEP","2-3","Required CS2 sequence; supports the established Coding Odyssey arc.","Build on CS1 functions, collections, and classes."
"SWOSUCOMSC1053ZacharyFall2026","10","10. Exceptions","10.2","10.2 Multiple exception handlers","KEEP","2-3","Required CS2 sequence; supports the established Coding Odyssey arc.","Build on CS1 functions, collections, and classes."
"SWOSUCOMSC1053ZacharyFall2026","10","10. Exceptions","10.3","10.3 Raising exceptions","KEEP","2-3","Required CS2 sequence; supports the established Coding Odyssey arc.","Build on CS1 functions, collections, and classes."
"SWOSUCOMSC1053ZacharyFall2026","10","10. Exceptions","10.4","10.4 Exceptions with functions","KEEP","2-3","Required CS2 sequence; supports the established Coding Odyssey arc.","Build on CS1 functions, collections, and classes."
"SWOSUCOMSC1053ZacharyFall2026","10","10. Exceptions","10.5","10.5 Using finally to clean up","KEEP","2-3","Required CS2 sequence; supports the established Coding Odyssey arc.","Build on CS1 functions, collections, and classes."
"SWOSUCOMSC1053ZacharyFall2026","10","10. Exceptions","10.6","10.6 Custom exception types","KEEP","2-3","Required CS2 sequence; supports the established Coding Odyssey arc.","Build on CS1 functions, collections, and classes."
"SWOSUCOMSC1053ZacharyFall2026","10","10. Exceptions","10.7","10.7 LAB: Fat-burning heart rate","OPTIONAL","2-3","Reference, refresher, enrichment, or extra practice; not required for all students.","Build on CS1 functions, collections, and classes."
"SWOSUCOMSC1053ZacharyFall2026","10","10. Exceptions","10.8","10.8 LAB: Exception handling to detect input string vs. integer","OPTIONAL","2-3","Reference, refresher, enrichment, or extra practice; not required for all students.","Build on CS1 functions, collections, and classes."
"SWOSUCOMSC1053ZacharyFall2026","10","10. Exceptions","10.9","10.9 LAB: Exceptions with lists","OPTIONAL","2-3","Reference, refresher, enrichment, or extra practice; not required for all students.","Build on CS1 functions, collections, and classes."
"SWOSUCOMSC1053ZacharyFall2026","10","10. Exceptions","10.10","10.10 LAB: Simple integer division - multiple exception handlers","OPTIONAL","2-3","Reference, refresher, enrichment, or extra practice; not required for all students.","Build on CS1 functions, collections, and classes."
"SWOSUCOMSC1053ZacharyFall2026","10","10. Exceptions","10.11","10.11 LAB: Step counter - exceptions","OPTIONAL","2-3","Reference, refresher, enrichment, or extra practice; not required for all students.","Build on CS1 functions, collections, and classes."
"SWOSUCOMSC1053ZacharyFall2026","10","10. Exceptions","10.12","10.12 LAB: Student info not found - custom exception types","OPTIONAL","2-3","Reference, refresher, enrichment, or extra practice; not required for all students.","Build on CS1 functions, collections, and classes."
"SWOSUCOMSC1053ZacharyFall2026","11","11. Modules","11.1","11.1 Modules","KEEP","4","Required CS2 sequence; supports the established Coding Odyssey arc.","Build on CS1 functions, collections, and classes."
"SWOSUCOMSC1053ZacharyFall2026","11","11. Modules","11.2","11.2 Finding modules","KEEP","4","Required CS2 sequence; supports the established Coding Odyssey arc.","Build on CS1 functions, collections, and classes."
"SWOSUCOMSC1053ZacharyFall2026","11","11. Modules","11.3","11.3 Importing specific names from a module","KEEP","4","Required CS2 sequence; supports the established Coding Odyssey arc.","Build on CS1 functions, collections, and classes."
"SWOSUCOMSC1053ZacharyFall2026","11","11. Modules","11.4","11.4 Executing modules as scripts","KEEP","4","Required CS2 sequence; supports the established Coding Odyssey arc.","Build on CS1 functions, collections, and classes."
"SWOSUCOMSC1053ZacharyFall2026","11","11. Modules","11.5","11.5 Reloading modules","KEEP","4","Required CS2 sequence; supports the established Coding Odyssey arc.","Build on CS1 functions, collections, and classes."
"SWOSUCOMSC1053ZacharyFall2026","11","11. Modules","11.6","11.6 Packages","KEEP","4","Required CS2 sequence; supports the established Coding Odyssey arc.","Build on CS1 functions, collections, and classes."
"SWOSUCOMSC1053ZacharyFall2026","11","11. Modules","11.7","11.7 Standard library","KEEP","4","Required CS2 sequence; supports the established Coding Odyssey arc.","Build on CS1 functions, collections, and classes."
"SWOSUCOMSC1053ZacharyFall2026","11","11. Modules","11.8","11.8 LAB: Artwork label (modules)","OPTIONAL","4","Reference, refresher, enrichment, or extra practice; not required for all students.","Build on CS1 functions, collections, and classes."
"SWOSUCOMSC1053ZacharyFall2026","11","11. Modules","11.9","11.9 LAB: Guess the random number","OPTIONAL","4","Reference, refresher, enrichment, or extra practice; not required for all students.","Build on CS1 functions, collections, and classes."
"SWOSUCOMSC1053ZacharyFall2026","11","11. Modules","11.10","11.10 LAB: Quadratic formula","OPTIONAL","4","Reference, refresher, enrichment, or extra practice; not required for all students.","Build on CS1 functions, collections, and classes."
"SWOSUCOMSC1053ZacharyFall2026","11","11. Modules","11.11","11.11 LAB: Unique random numbers (random module)","OPTIONAL","4","Reference, refresher, enrichment, or extra practice; not required for all students.","Build on CS1 functions, collections, and classes."
"SWOSUCOMSC1053ZacharyFall2026","11","11. Modules","11.12","11.12 LAB: Dates","OPTIONAL","4","Reference, refresher, enrichment, or extra practice; not required for all students.","Build on CS1 functions, collections, and classes."
"SWOSUCOMSC1053ZacharyFall2026","11","11. Modules","11.13","11.13 LAB: Radioactive decay","OPTIONAL","4","Reference, refresher, enrichment, or extra practice; not required for all students.","Build on CS1 functions, collections, and classes."
"SWOSUCOMSC1053ZacharyFall2026","12","12. Files","12.1","12.1 Reading files","KEEP","5","Required CS2 sequence; supports the established Coding Odyssey arc.","Build on CS1 functions, collections, and classes."
"SWOSUCOMSC1053ZacharyFall2026","12","12. Files","12.2","12.2 Writing files","KEEP","5","Required CS2 sequence; supports the established Coding Odyssey arc.","Build on CS1 functions, collections, and classes."
"SWOSUCOMSC1053ZacharyFall2026","12","12. Files","12.3","12.3 Interacting with file systems","KEEP","5","Required CS2 sequence; supports the established Coding Odyssey arc.","Build on CS1 functions, collections, and classes."
"SWOSUCOMSC1053ZacharyFall2026","12","12. Files","12.4","12.4 Binary data","KEEP","5","Required CS2 sequence; supports the established Coding Odyssey arc.","Build on CS1 functions, collections, and classes."
"SWOSUCOMSC1053ZacharyFall2026","12","12. Files","12.5","12.5 Command-line arguments and files","KEEP","5","Required CS2 sequence; supports the established Coding Odyssey arc.","Build on CS1 functions, collections, and classes."
"SWOSUCOMSC1053ZacharyFall2026","12","12. Files","12.6","12.6 The ""with"" statement","KEEP","5","Required CS2 sequence; supports the established Coding Odyssey arc.","Build on CS1 functions, collections, and classes."
"SWOSUCOMSC1053ZacharyFall2026","12","12. Files","12.7","12.7 Comma-separated values files","KEEP","5","Required CS2 sequence; supports the established Coding Odyssey arc.","Build on CS1 functions, collections, and classes."
"SWOSUCOMSC1053ZacharyFall2026","12","12. Files","12.8","12.8 LAB: Words in a range (lists)","OPTIONAL","5","Reference, refresher, enrichment, or extra practice; not required for all students.","Build on CS1 functions, collections, and classes."
"SWOSUCOMSC1053ZacharyFall2026","12","12. Files","12.9","12.9 LAB: Word frequencies (lists)","OPTIONAL","5","Reference, refresher, enrichment, or extra practice; not required for all students.","Build on CS1 functions, collections, and classes."
"SWOSUCOMSC1053ZacharyFall2026","12","12. Files","12.10","12.10 LAB: Sorting TV Shows (dictionaries and lists)","OPTIONAL","5","Reference, refresher, enrichment, or extra practice; not required for all students.","Build on CS1 functions, collections, and classes."
"SWOSUCOMSC1053ZacharyFall2026","12","12. Files","12.11","12.11 LAB: Course Grade","OPTIONAL","5","Reference, refresher, enrichment, or extra practice; not required for all students.","Build on CS1 functions, collections, and classes."
"SWOSUCOMSC1053ZacharyFall2026","12","12. Files","12.12","12.12 LAB: File name change","OPTIONAL","5","Reference, refresher, enrichment, or extra practice; not required for all students.","Build on CS1 functions, collections, and classes."
"SWOSUCOMSC1053ZacharyFall2026","12","12. Files","12.13","12.13 LAB: Thesaurus","OPTIONAL","5","Reference, refresher, enrichment, or extra practice; not required for all students.","Build on CS1 functions, collections, and classes."
"SWOSUCOMSC1053ZacharyFall2026","13","13. Inheritance","13.1","13.1 Derived classes","KEEP","7-8","Required CS2 sequence; supports the established Coding Odyssey arc.","Build on CS1 functions, collections, and classes."
"SWOSUCOMSC1053ZacharyFall2026","13","13. Inheritance","13.2","13.2 Accessing base class attributes","KEEP","7-8","Required CS2 sequence; supports the established Coding Odyssey arc.","Build on CS1 functions, collections, and classes."
"SWOSUCOMSC1053ZacharyFall2026","13","13. Inheritance","13.3","13.3 Overriding class methods","KEEP","7-8","Required CS2 sequence; supports the established Coding Odyssey arc.","Build on CS1 functions, collections, and classes."
"SWOSUCOMSC1053ZacharyFall2026","13","13. Inheritance","13.4","13.4 Is-a versus has-a relationships","KEEP","7-8","Required CS2 sequence; supports the established Coding Odyssey arc.","Build on CS1 functions, collections, and classes."
"SWOSUCOMSC1053ZacharyFall2026","13","13. Inheritance","13.5","13.5 Mixin classes and multiple inheritance","KEEP","7-8","Required CS2 sequence; supports the established Coding Odyssey arc.","Build on CS1 functions, collections, and classes."
"SWOSUCOMSC1053ZacharyFall2026","13","13. Inheritance","13.6","13.6 Testing your code: The unittest module","KEEP","7-8","Required CS2 sequence; supports the established Coding Odyssey arc.","Build on CS1 functions, collections, and classes."
"SWOSUCOMSC1053ZacharyFall2026","13","13. Inheritance","13.7","13.7 LAB: Pet information (derived classes)","OPTIONAL","7-8","Reference, refresher, enrichment, or extra practice; not required for all students.","Build on CS1 functions, collections, and classes."
"SWOSUCOMSC1053ZacharyFall2026","13","13. Inheritance","13.8","13.8 LAB: Instrument information (derived classes)","OPTIONAL","7-8","Reference, refresher, enrichment, or extra practice; not required for all students.","Build on CS1 functions, collections, and classes."
"SWOSUCOMSC1053ZacharyFall2026","13","13. Inheritance","13.9","13.9 LAB: Course information (derived classes)","OPTIONAL","7-8","Reference, refresher, enrichment, or extra practice; not required for all students.","Build on CS1 functions, collections, and classes."
"SWOSUCOMSC1053ZacharyFall2026","13","13. Inheritance","13.10","13.10 LAB: Book information (overriding member methods)","OPTIONAL","7-8","Reference, refresher, enrichment, or extra practice; not required for all students.","Build on CS1 functions, collections, and classes."
"SWOSUCOMSC1053ZacharyFall2026","13","13. Inheritance","13.11","13.11 LAB: Plant information","OPTIONAL","7-8","Reference, refresher, enrichment, or extra practice; not required for all students.","Build on CS1 functions, collections, and classes."
"SWOSUCOMSC1053ZacharyFall2026","14","14. Recursion","14.1","14.1 Recursive functions","KEEP","10-11","Required CS2 sequence; supports the established Coding Odyssey arc.","Build on CS1 functions, collections, and classes."
"SWOSUCOMSC1053ZacharyFall2026","14","14. Recursion","14.2","14.2 Recursive algorithm: Search","KEEP","10-11","Required CS2 sequence; supports the established Coding Odyssey arc.","Build on CS1 functions, collections, and classes."
"SWOSUCOMSC1053ZacharyFall2026","14","14. Recursion","14.3","14.3 Adding output statements for debugging","KEEP","10-11","Required CS2 sequence; supports the established Coding Odyssey arc.","Build on CS1 functions, collections, and classes."
"SWOSUCOMSC1053ZacharyFall2026","14","14. Recursion","14.4","14.4 Creating a recursive function","KEEP","10-11","Required CS2 sequence; supports the established Coding Odyssey arc.","Build on CS1 functions, collections, and classes."
"SWOSUCOMSC1053ZacharyFall2026","14","14. Recursion","14.5","14.5 Recursive math functions","KEEP","10-11","Required CS2 sequence; supports the established Coding Odyssey arc.","Build on CS1 functions, collections, and classes."
"SWOSUCOMSC1053ZacharyFall2026","14","14. Recursion","14.6","14.6 Recursive exploration of all possibilities","KEEP","10-11","Required CS2 sequence; supports the established Coding Odyssey arc.","Build on CS1 functions, collections, and classes."
"SWOSUCOMSC1053ZacharyFall2026","14","14. Recursion","14.7","14.7 LAB: Fibonacci sequence (recursion)","OPTIONAL","10-11","Reference, refresher, enrichment, or extra practice; not required for all students.","Build on CS1 functions, collections, and classes."
"SWOSUCOMSC1053ZacharyFall2026","14","14. Recursion","14.8","14.8 LAB: All permutations of names","OPTIONAL","10-11","Reference, refresher, enrichment, or extra practice; not required for all students.","Build on CS1 functions, collections, and classes."
"SWOSUCOMSC1053ZacharyFall2026","14","14. Recursion","14.9","14.9 LAB: Number pattern","OPTIONAL","10-11","Reference, refresher, enrichment, or extra practice; not required for all students.","Build on CS1 functions, collections, and classes."
"SWOSUCOMSC1053ZacharyFall2026","14","14. Recursion","14.10","14.10 LAB: Count the digits","OPTIONAL","10-11","Reference, refresher, enrichment, or extra practice; not required for all students.","Build on CS1 functions, collections, and classes."
"SWOSUCOMSC1053ZacharyFall2026","14","14. Recursion","14.11","14.11 LAB: Drawing a right side up triangle","OPTIONAL","10-11","Reference, refresher, enrichment, or extra practice; not required for all students.","Build on CS1 functions, collections, and classes."
"SWOSUCOMSC1053ZacharyFall2026","14","14. Recursion","14.12","14.12 LAB: Output a linked list","OPTIONAL","10-11","Reference, refresher, enrichment, or extra practice; not required for all students.","Build on CS1 functions, collections, and classes."
"SWOSUCOMSC1053ZacharyFall2026","15","15. Plotting","15.1","15.1 NumPy","KEEP","12","Required CS2 sequence; supports the established Coding Odyssey arc.","Build on CS1 functions, collections, and classes."
"SWOSUCOMSC1053ZacharyFall2026","15","15. Plotting","15.2","15.2 pandas","KEEP","12","Required CS2 sequence; supports the established Coding Odyssey arc.","Build on CS1 functions, collections, and classes."
"SWOSUCOMSC1053ZacharyFall2026","15","15. Plotting","15.3","15.3 Matplotlib","KEEP","12","Required CS2 sequence; supports the established Coding Odyssey arc.","Build on CS1 functions, collections, and classes."
"SWOSUCOMSC1053ZacharyFall2026","15","15. Plotting","15.4","15.4 LAB: Average exam scores (NumPy arrays basic)","OPTIONAL","12","Reference, refresher, enrichment, or extra practice; not required for all students.","Build on CS1 functions, collections, and classes."
"SWOSUCOMSC1053ZacharyFall2026","15","15. Plotting","15.5","15.5 LAB: Curve student scores","OPTIONAL","12","Reference, refresher, enrichment, or extra practice; not required for all students.","Build on CS1 functions, collections, and classes."
"SWOSUCOMSC1053ZacharyFall2026","15","15. Plotting","15.6","15.6 LAB: Course grade statistics (pandas)","OPTIONAL","12","Reference, refresher, enrichment, or extra practice; not required for all students.","Build on CS1 functions, collections, and classes."
"SWOSUCOMSC1053ZacharyFall2026","15","15. Plotting","15.7","15.7 LAB: Flight status (line plot)","OPTIONAL","12","Reference, refresher, enrichment, or extra practice; not required for all students.","Build on CS1 functions, collections, and classes."
"SWOSUCOMSC1053ZacharyFall2026","15","15. Plotting","15.8","15.8 LAB: Broadway show scatter plot","OPTIONAL","12","Reference, refresher, enrichment, or extra practice; not required for all students.","Build on CS1 functions, collections, and classes."
"SWOSUCOMSC1053ZacharyFall2026","15","15. Plotting","15.9","15.9 LAB: Broadway show multiple plots","OPTIONAL","12","Reference, refresher, enrichment, or extra practice; not required for all students.","Build on CS1 functions, collections, and classes."
"SWOSUCOMSC1053ZacharyFall2026","16","16. Searching and Sorting Algorithms","16.1","16.1 Searching and algorithms","KEEP","13","Required CS2 sequence; supports the established Coding Odyssey arc.","Build on CS1 functions, collections, and classes."
"SWOSUCOMSC1053ZacharyFall2026","16","16. Searching and Sorting Algorithms","16.2","16.2 Binary search","KEEP","13","Required CS2 sequence; supports the established Coding Odyssey arc.","Build on CS1 functions, collections, and classes."
"SWOSUCOMSC1053ZacharyFall2026","16","16. Searching and Sorting Algorithms","16.3","16.3 O notation","KEEP","13","Required CS2 sequence; supports the established Coding Odyssey arc.","Build on CS1 functions, collections, and classes."
"SWOSUCOMSC1053ZacharyFall2026","16","16. Searching and Sorting Algorithms","16.4","16.4 Algorithm analysis","KEEP","13","Required CS2 sequence; supports the established Coding Odyssey arc.","Build on CS1 functions, collections, and classes."
"SWOSUCOMSC1053ZacharyFall2026","16","16. Searching and Sorting Algorithms","16.5","16.5 Sorting: Introduction","KEEP","13","Required CS2 sequence; supports the established Coding Odyssey arc.","Build on CS1 functions, collections, and classes."
"SWOSUCOMSC1053ZacharyFall2026","16","16. Searching and Sorting Algorithms","16.6","16.6 Selection sort","KEEP","13","Required CS2 sequence; supports the established Coding Odyssey arc.","Build on CS1 functions, collections, and classes."
"SWOSUCOMSC1053ZacharyFall2026","16","16. Searching and Sorting Algorithms","16.7","16.7 Insertion sort","KEEP","13","Required CS2 sequence; supports the established Coding Odyssey arc.","Build on CS1 functions, collections, and classes."
"SWOSUCOMSC1053ZacharyFall2026","16","16. Searching and Sorting Algorithms","16.8","16.8 Quicksort","KEEP","13","Required CS2 sequence; supports the established Coding Odyssey arc.","Build on CS1 functions, collections, and classes."
"SWOSUCOMSC1053ZacharyFall2026","16","16. Searching and Sorting Algorithms","16.9","16.9 Merge sort","KEEP","13","Required CS2 sequence; supports the established Coding Odyssey arc.","Build on CS1 functions, collections, and classes."
"SWOSUCOMSC1053ZacharyFall2026","16","16. Searching and Sorting Algorithms","16.10","16.10 LAB: Descending selection sort with output during execution","OPTIONAL","13","Reference, refresher, enrichment, or extra practice; not required for all students.","Build on CS1 functions, collections, and classes."
"SWOSUCOMSC1053ZacharyFall2026","16","16. Searching and Sorting Algorithms","16.11","16.11 LAB: Sorting user IDs","OPTIONAL","13","Reference, refresher, enrichment, or extra practice; not required for all students.","Build on CS1 functions, collections, and classes."
"SWOSUCOMSC1053ZacharyFall2026","16","16. Searching and Sorting Algorithms","16.12","16.12 LAB: Insertion sort","OPTIONAL","13","Reference, refresher, enrichment, or extra practice; not required for all students.","Build on CS1 functions, collections, and classes."
"SWOSUCOMSC1053ZacharyFall2026","16","16. Searching and Sorting Algorithms","16.13","16.13 LAB: Merge sort","OPTIONAL","13","Reference, refresher, enrichment, or extra practice; not required for all students.","Build on CS1 functions, collections, and classes."
"SWOSUCOMSC1053ZacharyFall2026","16","16. Searching and Sorting Algorithms","16.14","16.14 LAB: Binary Search","OPTIONAL","13","Reference, refresher, enrichment, or extra practice; not required for all students.","Build on CS1 functions, collections, and classes."
"SWOSUCOMSC1053ZacharyFall2026","17","17. Additional Material","17.1","17.1 String formatting using %","UNUSED","","CS1 prerequisite/repetition or extra-bank content; preserve student time for CS2 depth.","No normal-path dependency."
"SWOSUCOMSC1053ZacharyFall2026","17","17. Additional Material","17.2","17.2 String formatting using format()","UNUSED","","CS1 prerequisite/repetition or extra-bank content; preserve student time for CS2 depth.","No normal-path dependency."
"SWOSUCOMSC1053ZacharyFall2026","17","17. Additional Material","17.3","17.3 String formatting using dictionaries","UNUSED","","CS1 prerequisite/repetition or extra-bank content; preserve student time for CS2 depth.","No normal-path dependency."
"SWOSUCOMSC1053ZacharyFall2026","17","17. Additional Material","17.4","17.4 Basic graphics","UNUSED","","CS1 prerequisite/repetition or extra-bank content; preserve student time for CS2 depth.","No normal-path dependency."
"SWOSUCOMSC1053ZacharyFall2026","17","17. Additional Material","17.5","17.5 zyBooks built-in programming window","UNUSED","","CS1 prerequisite/repetition or extra-bank content; preserve student time for CS2 depth.","No normal-path dependency."
"SWOSUCOMSC1053ZacharyFall2026","18","18. Additional Labs: Introduction to Python 3","18.1","18.1 LAB: Warm up: Hello world","UNUSED","","CS1 prerequisite/repetition or extra-bank content; preserve student time for CS2 depth.","No normal-path dependency."
"SWOSUCOMSC1053ZacharyFall2026","18","18. Additional Labs: Introduction to Python 3","18.2","18.2 LAB: Warm up: Basic output with variables","UNUSED","","CS1 prerequisite/repetition or extra-bank content; preserve student time for CS2 depth.","No normal-path dependency."
"SWOSUCOMSC1053ZacharyFall2026","18","18. Additional Labs: Introduction to Python 3","18.3","18.3 LAB*: Program: ASCII art","UNUSED","","CS1 prerequisite/repetition or extra-bank content; preserve student time for CS2 depth.","No normal-path dependency."
"SWOSUCOMSC1053ZacharyFall2026","18","18. Additional Labs: Introduction to Python 3","18.4","18.4 LAB*: Program: ASCII cat","UNUSED","","CS1 prerequisite/repetition or extra-bank content; preserve student time for CS2 depth.","No normal-path dependency."
"SWOSUCOMSC1053ZacharyFall2026","18","18. Additional Labs: Introduction to Python 3","18.5","18.5 LAB*: Program: Phone directory","UNUSED","","CS1 prerequisite/repetition or extra-bank content; preserve student time for CS2 depth.","No normal-path dependency."
"SWOSUCOMSC1053ZacharyFall2026","19","19. Additional Labs: Variables and Expressions","19.1","19.1 LAB: Convert to seconds","UNUSED","","CS1 prerequisite/repetition or extra-bank content; preserve student time for CS2 depth.","No normal-path dependency."
"SWOSUCOMSC1053ZacharyFall2026","19","19. Additional Labs: Variables and Expressions","19.2","19.2 LAB: Convert from seconds","UNUSED","","CS1 prerequisite/repetition or extra-bank content; preserve student time for CS2 depth.","No normal-path dependency."
"SWOSUCOMSC1053ZacharyFall2026","19","19. Additional Labs: Variables and Expressions","19.3","19.3 LAB: Pizza party","UNUSED","","CS1 prerequisite/repetition or extra-bank content; preserve student time for CS2 depth.","No normal-path dependency."
"SWOSUCOMSC1053ZacharyFall2026","19","19. Additional Labs: Variables and Expressions","19.4","19.4 LAB: Hypotenuse","UNUSED","","CS1 prerequisite/repetition or extra-bank content; preserve student time for CS2 depth.","No normal-path dependency."
"SWOSUCOMSC1053ZacharyFall2026","19","19. Additional Labs: Variables and Expressions","19.5","19.5 LAB: Area of a triangle","UNUSED","","CS1 prerequisite/repetition or extra-bank content; preserve student time for CS2 depth.","No normal-path dependency."
"SWOSUCOMSC1053ZacharyFall2026","19","19. Additional Labs: Variables and Expressions","19.6","19.6 LAB: Ordering pizza","UNUSED","","CS1 prerequisite/repetition or extra-bank content; preserve student time for CS2 depth.","No normal-path dependency."
"SWOSUCOMSC1053ZacharyFall2026","19","19. Additional Labs: Variables and Expressions","19.7","19.7 LAB: Square root","UNUSED","","CS1 prerequisite/repetition or extra-bank content; preserve student time for CS2 depth.","No normal-path dependency."
"SWOSUCOMSC1053ZacharyFall2026","19","19. Additional Labs: Variables and Expressions","19.8","19.8 LAB: Volume and area of cylinder","UNUSED","","CS1 prerequisite/repetition or extra-bank content; preserve student time for CS2 depth.","No normal-path dependency."
"SWOSUCOMSC1053ZacharyFall2026","19","19. Additional Labs: Variables and Expressions","19.9","19.9 LAB: Warm up: Variables, input, and type conversion","UNUSED","","CS1 prerequisite/repetition or extra-bank content; preserve student time for CS2 depth.","No normal-path dependency."
"SWOSUCOMSC1053ZacharyFall2026","19","19. Additional Labs: Variables and Expressions","19.10","19.10 LAB*: Program: Cooking measurement converter","UNUSED","","CS1 prerequisite/repetition or extra-bank content; preserve student time for CS2 depth.","No normal-path dependency."
"SWOSUCOMSC1053ZacharyFall2026","19","19. Additional Labs: Variables and Expressions","19.11","19.11 LAB*: Program: Food receipt","UNUSED","","CS1 prerequisite/repetition or extra-bank content; preserve student time for CS2 depth.","No normal-path dependency."
"SWOSUCOMSC1053ZacharyFall2026","19","19. Additional Labs: Variables and Expressions","19.12","19.12 LAB*: Program: Carpet sales","UNUSED","","CS1 prerequisite/repetition or extra-bank content; preserve student time for CS2 depth.","No normal-path dependency."
"SWOSUCOMSC1053ZacharyFall2026","19","19. Additional Labs: Variables and Expressions","19.13","19.13 LAB*: Program: Pizza party weekend","UNUSED","","CS1 prerequisite/repetition or extra-bank content; preserve student time for CS2 depth.","No normal-path dependency."
"SWOSUCOMSC1053ZacharyFall2026","20","20. Additional Labs: Types","20.1","20.1 LAB: Warm up: Creating passwords","UNUSED","","CS1 prerequisite/repetition or extra-bank content; preserve student time for CS2 depth.","No normal-path dependency."
"SWOSUCOMSC1053ZacharyFall2026","20","20. Additional Labs: Types","20.2","20.2 LAB*: Program: Painting a wall","UNUSED","","CS1 prerequisite/repetition or extra-bank content; preserve student time for CS2 depth.","No normal-path dependency."
"SWOSUCOMSC1053ZacharyFall2026","21","21. Additional Labs: Branching","21.1","21.1 LAB: Remove gray from RGB","UNUSED","","CS1 prerequisite/repetition or extra-bank content; preserve student time for CS2 depth.","No normal-path dependency."
"SWOSUCOMSC1053ZacharyFall2026","21","21. Additional Labs: Branching","21.2","21.2 LAB: Longest string","UNUSED","","CS1 prerequisite/repetition or extra-bank content; preserve student time for CS2 depth.","No normal-path dependency."
"SWOSUCOMSC1053ZacharyFall2026","21","21. Additional Labs: Branching","21.3","21.3 LAB: Max of 2","UNUSED","","CS1 prerequisite/repetition or extra-bank content; preserve student time for CS2 depth.","No normal-path dependency."
"SWOSUCOMSC1053ZacharyFall2026","21","21. Additional Labs: Branching","21.4","21.4 LAB: Max of 3","UNUSED","","CS1 prerequisite/repetition or extra-bank content; preserve student time for CS2 depth.","No normal-path dependency."
"SWOSUCOMSC1053ZacharyFall2026","21","21. Additional Labs: Branching","21.5","21.5 LAB: Warm up: Automobile service cost","UNUSED","","CS1 prerequisite/repetition or extra-bank content; preserve student time for CS2 depth.","No normal-path dependency."
"SWOSUCOMSC1053ZacharyFall2026","21","21. Additional Labs: Branching","21.6","21.6 LAB*: Program: Automobile service invoice","UNUSED","","CS1 prerequisite/repetition or extra-bank content; preserve student time for CS2 depth.","No normal-path dependency."
"SWOSUCOMSC1053ZacharyFall2026","21","21. Additional Labs: Branching","21.7","21.7 LAB*: Program: Income tax form","UNUSED","","CS1 prerequisite/repetition or extra-bank content; preserve student time for CS2 depth.","No normal-path dependency."
"SWOSUCOMSC1053ZacharyFall2026","21","21. Additional Labs: Branching","21.8","21.8 LAB*: Program: Grade calculator","UNUSED","","CS1 prerequisite/repetition or extra-bank content; preserve student time for CS2 depth.","No normal-path dependency."
"SWOSUCOMSC1053ZacharyFall2026","21","21. Additional Labs: Branching","21.9","21.9 LAB: Median of 3","UNUSED","","CS1 prerequisite/repetition or extra-bank content; preserve student time for CS2 depth.","No normal-path dependency."
"SWOSUCOMSC1053ZacharyFall2026","21","21. Additional Labs: Branching","21.10","21.10 LAB: Speeding ticket","UNUSED","","CS1 prerequisite/repetition or extra-bank content; preserve student time for CS2 depth.","No normal-path dependency."
"SWOSUCOMSC1053ZacharyFall2026","21","21. Additional Labs: Branching","21.11","21.11 LAB: Movie ticket prices","UNUSED","","CS1 prerequisite/repetition or extra-bank content; preserve student time for CS2 depth.","No normal-path dependency."
"SWOSUCOMSC1053ZacharyFall2026","21","21. Additional Labs: Branching","21.12","21.12 LAB: How many digits","UNUSED","","CS1 prerequisite/repetition or extra-bank content; preserve student time for CS2 depth.","No normal-path dependency."
"SWOSUCOMSC1053ZacharyFall2026","21","21. Additional Labs: Branching","21.13","21.13 LAB: Phrases and subphrases","UNUSED","","CS1 prerequisite/repetition or extra-bank content; preserve student time for CS2 depth.","No normal-path dependency."
"SWOSUCOMSC1053ZacharyFall2026","21","21. Additional Labs: Branching","21.14","21.14 LAB: Count odd numbers","UNUSED","","CS1 prerequisite/repetition or extra-bank content; preserve student time for CS2 depth.","No normal-path dependency."
"SWOSUCOMSC1053ZacharyFall2026","21","21. Additional Labs: Branching","21.15","21.15 LAB: Alphabetical order (chars)","UNUSED","","CS1 prerequisite/repetition or extra-bank content; preserve student time for CS2 depth.","No normal-path dependency."
"SWOSUCOMSC1053ZacharyFall2026","21","21. Additional Labs: Branching","21.16","21.16 LAB: Comparing floats","UNUSED","","CS1 prerequisite/repetition or extra-bank content; preserve student time for CS2 depth.","No normal-path dependency."
"SWOSUCOMSC1053ZacharyFall2026","22","22. Additional Labs: Loops","22.1","22.1 LAB: Count input length without spaces, periods, exclamation points, or commas","UNUSED","","CS1 prerequisite/repetition or extra-bank content; preserve student time for CS2 depth.","No normal-path dependency."
"SWOSUCOMSC1053ZacharyFall2026","22","22. Additional Labs: Loops","22.2","22.2 LAB: Countdown until matching digits","UNUSED","","CS1 prerequisite/repetition or extra-bank content; preserve student time for CS2 depth.","No normal-path dependency."
"SWOSUCOMSC1053ZacharyFall2026","22","22. Additional Labs: Loops","22.3","22.3 LAB: Smallest and largest numbers in a list","UNUSED","","CS1 prerequisite/repetition or extra-bank content; preserve student time for CS2 depth.","No normal-path dependency."
"SWOSUCOMSC1053ZacharyFall2026","22","22. Additional Labs: Loops","22.4","22.4 LAB: Output values in a list below a user defined amount","UNUSED","","CS1 prerequisite/repetition or extra-bank content; preserve student time for CS2 depth.","No normal-path dependency."
"SWOSUCOMSC1053ZacharyFall2026","22","22. Additional Labs: Loops","22.5","22.5 LAB: Count multiples","UNUSED","","CS1 prerequisite/repetition or extra-bank content; preserve student time for CS2 depth.","No normal-path dependency."
"SWOSUCOMSC1053ZacharyFall2026","22","22. Additional Labs: Loops","22.6","22.6 LAB: Find largest number","UNUSED","","CS1 prerequisite/repetition or extra-bank content; preserve student time for CS2 depth.","No normal-path dependency."
"SWOSUCOMSC1053ZacharyFall2026","22","22. Additional Labs: Loops","22.7","22.7 LAB: Hailstone sequence","UNUSED","","CS1 prerequisite/repetition or extra-bank content; preserve student time for CS2 depth.","No normal-path dependency."
"SWOSUCOMSC1053ZacharyFall2026","22","22. Additional Labs: Loops","22.8","22.8 LAB: Output numbers in reverse","UNUSED","","CS1 prerequisite/repetition or extra-bank content; preserve student time for CS2 depth.","No normal-path dependency."
"SWOSUCOMSC1053ZacharyFall2026","22","22. Additional Labs: Loops","22.9","22.9 LAB: Warm up: Drawing a right triangle","UNUSED","","CS1 prerequisite/repetition or extra-bank content; preserve student time for CS2 depth.","No normal-path dependency."
"SWOSUCOMSC1053ZacharyFall2026","22","22. Additional Labs: Loops","22.10","22.10 LAB*: Program: Drawing a half arrow","UNUSED","","CS1 prerequisite/repetition or extra-bank content; preserve student time for CS2 depth.","No normal-path dependency."
"SWOSUCOMSC1053ZacharyFall2026","22","22. Additional Labs: Loops","22.11","22.11 LAB*: Program: Rock paper scissors","UNUSED","","CS1 prerequisite/repetition or extra-bank content; preserve student time for CS2 depth.","No normal-path dependency."
"SWOSUCOMSC1053ZacharyFall2026","22","22. Additional Labs: Loops","22.12","22.12 LAB: Months until payoff","UNUSED","","CS1 prerequisite/repetition or extra-bank content; preserve student time for CS2 depth.","No normal-path dependency."
"SWOSUCOMSC1053ZacharyFall2026","22","22. Additional Labs: Loops","22.13","22.13 LAB: Matching strings","UNUSED","","CS1 prerequisite/repetition or extra-bank content; preserve student time for CS2 depth.","No normal-path dependency."
"SWOSUCOMSC1053ZacharyFall2026","22","22. Additional Labs: Loops","22.14","22.14 LAB: Draw right-justified triangle","UNUSED","","CS1 prerequisite/repetition or extra-bank content; preserve student time for CS2 depth.","No normal-path dependency."
"SWOSUCOMSC1053ZacharyFall2026","22","22. Additional Labs: Loops","22.15","22.15 LAB: Draw upside down triangle","UNUSED","","CS1 prerequisite/repetition or extra-bank content; preserve student time for CS2 depth.","No normal-path dependency."
"SWOSUCOMSC1053ZacharyFall2026","23","23. Additional Labs: Functions","23.1","23.1 LAB: Track laps to miles","UNUSED","","CS1 prerequisite/repetition or extra-bank content; preserve student time for CS2 depth.","No normal-path dependency."
"SWOSUCOMSC1053ZacharyFall2026","23","23. Additional Labs: Functions","23.2","23.2 LAB: Max magnitude","UNUSED","","CS1 prerequisite/repetition or extra-bank content; preserve student time for CS2 depth.","No normal-path dependency."
"SWOSUCOMSC1053ZacharyFall2026","23","23. Additional Labs: Functions","23.3","23.3 LAB: A jiffy","UNUSED","","CS1 prerequisite/repetition or extra-bank content; preserve student time for CS2 depth.","No normal-path dependency."
"SWOSUCOMSC1053ZacharyFall2026","23","23. Additional Labs: Functions","23.4","23.4 LAB: Leap year - functions","UNUSED","","CS1 prerequisite/repetition or extra-bank content; preserve student time for CS2 depth.","No normal-path dependency."
"SWOSUCOMSC1053ZacharyFall2026","23","23. Additional Labs: Functions","23.5","23.5 LAB: Exact change - functions","UNUSED","","CS1 prerequisite/repetition or extra-bank content; preserve student time for CS2 depth.","No normal-path dependency."
"SWOSUCOMSC1053ZacharyFall2026","23","23. Additional Labs: Functions","23.6","23.6 LAB: Multiples of ten in a list","UNUSED","","CS1 prerequisite/repetition or extra-bank content; preserve student time for CS2 depth.","No normal-path dependency."
"SWOSUCOMSC1053ZacharyFall2026","23","23. Additional Labs: Functions","23.7","23.7 LAB: Output values in a list below a user defined amount - functions","UNUSED","","CS1 prerequisite/repetition or extra-bank content; preserve student time for CS2 depth.","No normal-path dependency."
"SWOSUCOMSC1053ZacharyFall2026","23","23. Additional Labs: Functions","23.8","23.8 LAB: Count evens","UNUSED","","CS1 prerequisite/repetition or extra-bank content; preserve student time for CS2 depth.","No normal-path dependency."
"SWOSUCOMSC1053ZacharyFall2026","23","23. Additional Labs: Functions","23.9","23.9 LAB: Write sum_and_cast() function to cast float to int","UNUSED","","CS1 prerequisite/repetition or extra-bank content; preserve student time for CS2 depth.","No normal-path dependency."
"SWOSUCOMSC1053ZacharyFall2026","23","23. Additional Labs: Functions","23.10","23.10 LAB: Toll calculation","UNUSED","","CS1 prerequisite/repetition or extra-bank content; preserve student time for CS2 depth.","No normal-path dependency."
"SWOSUCOMSC1053ZacharyFall2026","23","23. Additional Labs: Functions","23.11","23.11 LAB: Max and min numbers","UNUSED","","CS1 prerequisite/repetition or extra-bank content; preserve student time for CS2 depth.","No normal-path dependency."
"SWOSUCOMSC1053ZacharyFall2026","23","23. Additional Labs: Functions","23.12","23.12 LAB: Flip a coin","UNUSED","","CS1 prerequisite/repetition or extra-bank content; preserve student time for CS2 depth.","No normal-path dependency."
"SWOSUCOMSC1053ZacharyFall2026","23","23. Additional Labs: Functions","23.13","23.13 LAB: Warm up: Text analyzer & modifier","UNUSED","","CS1 prerequisite/repetition or extra-bank content; preserve student time for CS2 depth.","No normal-path dependency."
"SWOSUCOMSC1053ZacharyFall2026","23","23. Additional Labs: Functions","23.14","23.14 LAB*: Program: Authoring assistant","UNUSED","","CS1 prerequisite/repetition or extra-bank content; preserve student time for CS2 depth.","No normal-path dependency."
"SWOSUCOMSC1053ZacharyFall2026","23","23. Additional Labs: Functions","23.15","23.15 LAB*: Program: Income tax form - functions","UNUSED","","CS1 prerequisite/repetition or extra-bank content; preserve student time for CS2 depth.","No normal-path dependency."
"SWOSUCOMSC1053ZacharyFall2026","23","23. Additional Labs: Functions","23.16","23.16 LAB*: Program: Poker dice game","UNUSED","","CS1 prerequisite/repetition or extra-bank content; preserve student time for CS2 depth.","No normal-path dependency."
"SWOSUCOMSC1053ZacharyFall2026","24","24. Additional Labs: Strings","24.1","24.1 LAB: Acronyms","UNUSED","","CS1 prerequisite/repetition or extra-bank content; preserve student time for CS2 depth.","No normal-path dependency."
"SWOSUCOMSC1053ZacharyFall2026","24","24. Additional Labs: Strings","24.2","24.2 LAB: Contains the character","UNUSED","","CS1 prerequisite/repetition or extra-bank content; preserve student time for CS2 depth.","No normal-path dependency."
"SWOSUCOMSC1053ZacharyFall2026","24","24. Additional Labs: Strings","24.3","24.3 LAB: Fun with characters","UNUSED","","CS1 prerequisite/repetition or extra-bank content; preserve student time for CS2 depth.","No normal-path dependency."
"SWOSUCOMSC1053ZacharyFall2026","24","24. Additional Labs: Strings","24.4","24.4 LAB: Remove digits - functions","UNUSED","","CS1 prerequisite/repetition or extra-bank content; preserve student time for CS2 depth.","No normal-path dependency."
"SWOSUCOMSC1053ZacharyFall2026","24","24. Additional Labs: Strings","24.5","24.5 LAB: Midfix of 5","UNUSED","","CS1 prerequisite/repetition or extra-bank content; preserve student time for CS2 depth.","No normal-path dependency."
"SWOSUCOMSC1053ZacharyFall2026","24","24. Additional Labs: Strings","24.6","24.6 LAB: Parsing dates","UNUSED","","CS1 prerequisite/repetition or extra-bank content; preserve student time for CS2 depth.","No normal-path dependency."
"SWOSUCOMSC1053ZacharyFall2026","24","24. Additional Labs: Strings","24.7","24.7 LAB: Prefix of 5","UNUSED","","CS1 prerequisite/repetition or extra-bank content; preserve student time for CS2 depth.","No normal-path dependency."
"SWOSUCOMSC1053ZacharyFall2026","24","24. Additional Labs: Strings","24.8","24.8 LAB: Postfix of 5","UNUSED","","CS1 prerequisite/repetition or extra-bank content; preserve student time for CS2 depth.","No normal-path dependency."
"SWOSUCOMSC1053ZacharyFall2026","24","24. Additional Labs: Strings","24.9","24.9 LAB: Login name","UNUSED","","CS1 prerequisite/repetition or extra-bank content; preserve student time for CS2 depth.","No normal-path dependency."
"SWOSUCOMSC1053ZacharyFall2026","24","24. Additional Labs: Strings","24.10","24.10 LAB: Warm up: Parsing strings","UNUSED","","CS1 prerequisite/repetition or extra-bank content; preserve student time for CS2 depth.","No normal-path dependency."
"SWOSUCOMSC1053ZacharyFall2026","24","24. Additional Labs: Strings","24.11","24.11 LAB*: Program: Data visualization","UNUSED","","CS1 prerequisite/repetition or extra-bank content; preserve student time for CS2 depth.","No normal-path dependency."
"SWOSUCOMSC1053ZacharyFall2026","24","24. Additional Labs: Strings","24.12","24.12 LAB: Phone number string breakdown","UNUSED","","CS1 prerequisite/repetition or extra-bank content; preserve student time for CS2 depth.","No normal-path dependency."
"SWOSUCOMSC1053ZacharyFall2026","25","25. Additional Labs: Lists and Dictionaries","25.1","25.1 LAB: Middle item","UNUSED","","CS1 prerequisite/repetition or extra-bank content; preserve student time for CS2 depth.","No normal-path dependency."
"SWOSUCOMSC1053ZacharyFall2026","25","25. Additional Labs: Lists and Dictionaries","25.2","25.2 LAB: Word frequencies","UNUSED","","CS1 prerequisite/repetition or extra-bank content; preserve student time for CS2 depth.","No normal-path dependency."
"SWOSUCOMSC1053ZacharyFall2026","25","25. Additional Labs: Lists and Dictionaries","25.3","25.3 LAB: Replacement words","UNUSED","","CS1 prerequisite/repetition or extra-bank content; preserve student time for CS2 depth.","No normal-path dependency."
"SWOSUCOMSC1053ZacharyFall2026","25","25. Additional Labs: Lists and Dictionaries","25.4","25.4 LAB: Scrabble points","UNUSED","","CS1 prerequisite/repetition or extra-bank content; preserve student time for CS2 depth.","No normal-path dependency."
"SWOSUCOMSC1053ZacharyFall2026","25","25. Additional Labs: Lists and Dictionaries","25.5","25.5 LAB: Calculate average","UNUSED","","CS1 prerequisite/repetition or extra-bank content; preserve student time for CS2 depth.","No normal-path dependency."
"SWOSUCOMSC1053ZacharyFall2026","25","25. Additional Labs: Lists and Dictionaries","25.6","25.6 LAB: Reverse list","UNUSED","","CS1 prerequisite/repetition or extra-bank content; preserve student time for CS2 depth.","No normal-path dependency."
"SWOSUCOMSC1053ZacharyFall2026","25","25. Additional Labs: Lists and Dictionaries","25.7","25.7 LAB: Remove all odd numbers from a list","UNUSED","","CS1 prerequisite/repetition or extra-bank content; preserve student time for CS2 depth.","No normal-path dependency."
"SWOSUCOMSC1053ZacharyFall2026","25","25. Additional Labs: Lists and Dictionaries","25.8","25.8 LAB: Subtracting list elements from max - functions","UNUSED","","CS1 prerequisite/repetition or extra-bank content; preserve student time for CS2 depth.","No normal-path dependency."
"SWOSUCOMSC1053ZacharyFall2026","25","25. Additional Labs: Lists and Dictionaries","25.9","25.9 LAB: Output values below an amount - functions","UNUSED","","CS1 prerequisite/repetition or extra-bank content; preserve student time for CS2 depth.","No normal-path dependency."
"SWOSUCOMSC1053ZacharyFall2026","25","25. Additional Labs: Lists and Dictionaries","25.10","25.10 LAB: Adjust list by normalizing","UNUSED","","CS1 prerequisite/repetition or extra-bank content; preserve student time for CS2 depth.","No normal-path dependency."
"SWOSUCOMSC1053ZacharyFall2026","25","25. Additional Labs: Lists and Dictionaries","25.11","25.11 LAB: Output values below an amount","UNUSED","","CS1 prerequisite/repetition or extra-bank content; preserve student time for CS2 depth.","No normal-path dependency."
"SWOSUCOMSC1053ZacharyFall2026","25","25. Additional Labs: Lists and Dictionaries","25.12","25.12 LAB: Two smallest numbers","UNUSED","","CS1 prerequisite/repetition or extra-bank content; preserve student time for CS2 depth.","No normal-path dependency."
"SWOSUCOMSC1053ZacharyFall2026","25","25. Additional Labs: Lists and Dictionaries","25.13","25.13 LAB: Word frequencies (dictionaries)","UNUSED","","CS1 prerequisite/repetition or extra-bank content; preserve student time for CS2 depth.","No normal-path dependency."
"SWOSUCOMSC1053ZacharyFall2026","25","25. Additional Labs: Lists and Dictionaries","25.14","25.14 LAB: Warm up: People's weights (Lists)","UNUSED","","CS1 prerequisite/repetition or extra-bank content; preserve student time for CS2 depth.","No normal-path dependency."
"SWOSUCOMSC1053ZacharyFall2026","25","25. Additional Labs: Lists and Dictionaries","25.15","25.15 LAB*: Program: Soccer team roster (Dictionaries)","UNUSED","","CS1 prerequisite/repetition or extra-bank content; preserve student time for CS2 depth.","No normal-path dependency."
"SWOSUCOMSC1053ZacharyFall2026","25","25. Additional Labs: Lists and Dictionaries","25.16","25.16 LAB: List palindrome","UNUSED","","CS1 prerequisite/repetition or extra-bank content; preserve student time for CS2 depth.","No normal-path dependency."
"SWOSUCOMSC1053ZacharyFall2026","25","25. Additional Labs: Lists and Dictionaries","25.17","25.17 LAB: Swap ends","UNUSED","","CS1 prerequisite/repetition or extra-bank content; preserve student time for CS2 depth.","No normal-path dependency."
"SWOSUCOMSC1053ZacharyFall2026","25","25. Additional Labs: Lists and Dictionaries","25.18","25.18 LAB: Shift right","UNUSED","","CS1 prerequisite/repetition or extra-bank content; preserve student time for CS2 depth.","No normal-path dependency."
"SWOSUCOMSC1053ZacharyFall2026","25","25. Additional Labs: Lists and Dictionaries","25.19","25.19 LAB: Find mode","UNUSED","","CS1 prerequisite/repetition or extra-bank content; preserve student time for CS2 depth.","No normal-path dependency."
"SWOSUCOMSC1053ZacharyFall2026","25","25. Additional Labs: Lists and Dictionaries","25.20","25.20 LAB: Nth from end","UNUSED","","CS1 prerequisite/repetition or extra-bank content; preserve student time for CS2 depth.","No normal-path dependency."
"SWOSUCOMSC1053ZacharyFall2026","25","25. Additional Labs: Lists and Dictionaries","25.21","25.21 LAB: Sum of products","UNUSED","","CS1 prerequisite/repetition or extra-bank content; preserve student time for CS2 depth.","No normal-path dependency."
"SWOSUCOMSC1053ZacharyFall2026","25","25. Additional Labs: Lists and Dictionaries","25.22","25.22 LAB: Matrix multiplication","UNUSED","","CS1 prerequisite/repetition or extra-bank content; preserve student time for CS2 depth.","No normal-path dependency."
"SWOSUCOMSC1053ZacharyFall2026","25","25. Additional Labs: Lists and Dictionaries","25.23","25.23 LAB: Is list sorted","UNUSED","","CS1 prerequisite/repetition or extra-bank content; preserve student time for CS2 depth.","No normal-path dependency."
"SWOSUCOMSC1053ZacharyFall2026","25","25. Additional Labs: Lists and Dictionaries","25.24","25.24 LAB*: Program: Credit card debt","UNUSED","","CS1 prerequisite/repetition or extra-bank content; preserve student time for CS2 depth.","No normal-path dependency."
"SWOSUCOMSC1053ZacharyFall2026","25","25. Additional Labs: Lists and Dictionaries","25.25","25.25 LAB*: Program: List statistics","UNUSED","","CS1 prerequisite/repetition or extra-bank content; preserve student time for CS2 depth.","No normal-path dependency."
"SWOSUCOMSC1053ZacharyFall2026","26","26. Additional Labs: Classes","26.1","26.1 LAB: Simple car","OPTIONAL","1 / as needed","Reference, refresher, enrichment, or extra practice; not required for all students.","Use only to diagnose/review OOP carryover."
"SWOSUCOMSC1053ZacharyFall2026","26","26. Additional Labs: Classes","26.2","26.2 LAB: Calculator class","OPTIONAL","1 / as needed","Reference, refresher, enrichment, or extra practice; not required for all students.","Use only to diagnose/review OOP carryover."
"SWOSUCOMSC1053ZacharyFall2026","26","26. Additional Labs: Classes","26.3","26.3 LAB: Product class","OPTIONAL","1 / as needed","Reference, refresher, enrichment, or extra practice; not required for all students.","Use only to diagnose/review OOP carryover."
"SWOSUCOMSC1053ZacharyFall2026","26","26. Additional Labs: Classes","26.4","26.4 LAB: Student class","OPTIONAL","1 / as needed","Reference, refresher, enrichment, or extra practice; not required for all students.","Use only to diagnose/review OOP carryover."
"SWOSUCOMSC1053ZacharyFall2026","26","26. Additional Labs: Classes","26.5","26.5 LAB: Random values","OPTIONAL","1 / as needed","Reference, refresher, enrichment, or extra practice; not required for all students.","Use only to diagnose/review OOP carryover."
"SWOSUCOMSC1053ZacharyFall2026","26","26. Additional Labs: Classes","26.6","26.6 LAB: BankAccount class","OPTIONAL","1 / as needed","Reference, refresher, enrichment, or extra practice; not required for all students.","Use only to diagnose/review OOP carryover."
"SWOSUCOMSC1053ZacharyFall2026","26","26. Additional Labs: Classes","26.7","26.7 LAB: How many dice rolls?","OPTIONAL","1 / as needed","Reference, refresher, enrichment, or extra practice; not required for all students.","Use only to diagnose/review OOP carryover."
"SWOSUCOMSC1053ZacharyFall2026","26","26. Additional Labs: Classes","26.8","26.8 LAB: Consecutive heads","OPTIONAL","1 / as needed","Reference, refresher, enrichment, or extra practice; not required for all students.","Use only to diagnose/review OOP carryover."
"SWOSUCOMSC1053ZacharyFall2026","26","26. Additional Labs: Classes","26.9","26.9 LAB: Flipping for tails","OPTIONAL","1 / as needed","Reference, refresher, enrichment, or extra practice; not required for all students.","Use only to diagnose/review OOP carryover."
"SWOSUCOMSC1053ZacharyFall2026","26","26. Additional Labs: Classes","26.10","26.10 LAB: Flipping for heads","OPTIONAL","1 / as needed","Reference, refresher, enrichment, or extra practice; not required for all students.","Use only to diagnose/review OOP carryover."
"SWOSUCOMSC1053ZacharyFall2026","26","26. Additional Labs: Classes","26.11","26.11 LAB: Course size","OPTIONAL","1 / as needed","Reference, refresher, enrichment, or extra practice; not required for all students.","Use only to diagnose/review OOP carryover."
"SWOSUCOMSC1053ZacharyFall2026","26","26. Additional Labs: Classes","26.12","26.12 LAB: What is the dice average?","OPTIONAL","1 / as needed","Reference, refresher, enrichment, or extra practice; not required for all students.","Use only to diagnose/review OOP carryover."
"SWOSUCOMSC1053ZacharyFall2026","26","26. Additional Labs: Classes","26.13","26.13 LAB: Dean's list","OPTIONAL","1 / as needed","Reference, refresher, enrichment, or extra practice; not required for all students.","Use only to diagnose/review OOP carryover."
"SWOSUCOMSC1053ZacharyFall2026","26","26. Additional Labs: Classes","26.14","26.14 LAB: Drop student","OPTIONAL","1 / as needed","Reference, refresher, enrichment, or extra practice; not required for all students.","Use only to diagnose/review OOP carryover."
"SWOSUCOMSC1053ZacharyFall2026","26","26. Additional Labs: Classes","26.15","26.15 LAB: Rolling for X","OPTIONAL","1 / as needed","Reference, refresher, enrichment, or extra practice; not required for all students.","Use only to diagnose/review OOP carryover."
"SWOSUCOMSC1053ZacharyFall2026","26","26. Additional Labs: Classes","26.16","26.16 LAB: Rolling for a pair","OPTIONAL","1 / as needed","Reference, refresher, enrichment, or extra practice; not required for all students.","Use only to diagnose/review OOP carryover."
"SWOSUCOMSC1053ZacharyFall2026","26","26. Additional Labs: Classes","26.17","26.17 LAB: Count honors","OPTIONAL","1 / as needed","Reference, refresher, enrichment, or extra practice; not required for all students.","Use only to diagnose/review OOP carryover."
"SWOSUCOMSC1053ZacharyFall2026","26","26. Additional Labs: Classes","26.18","26.18 LAB: Find student with highest GPA","OPTIONAL","1 / as needed","Reference, refresher, enrichment, or extra practice; not required for all students.","Use only to diagnose/review OOP carryover."
"SWOSUCOMSC1053ZacharyFall2026","26","26. Additional Labs: Classes","26.19","26.19 LAB: Print student roster","OPTIONAL","1 / as needed","Reference, refresher, enrichment, or extra practice; not required for all students.","Use only to diagnose/review OOP carryover."
"SWOSUCOMSC1053ZacharyFall2026","26","26. Additional Labs: Classes","26.20","26.20 LAB: Swap two numbers","OPTIONAL","1 / as needed","Reference, refresher, enrichment, or extra practice; not required for all students.","Use only to diagnose/review OOP carryover."
"SWOSUCOMSC1053ZacharyFall2026","26","26. Additional Labs: Classes","26.21","26.21 LAB: The __str__() method","OPTIONAL","1 / as needed","Reference, refresher, enrichment, or extra practice; not required for all students.","Use only to diagnose/review OOP carryover."
"SWOSUCOMSC1053ZacharyFall2026","26","26. Additional Labs: Classes","26.22","26.22 LAB: Find the maximum in a list","OPTIONAL","1 / as needed","Reference, refresher, enrichment, or extra practice; not required for all students.","Use only to diagnose/review OOP carryover."
"SWOSUCOMSC1053ZacharyFall2026","26","26. Additional Labs: Classes","26.23","26.23 LAB*: Program: Online shopping cart (Part 1)","OPTIONAL","1 / as needed","Reference, refresher, enrichment, or extra practice; not required for all students.","Use only to diagnose/review OOP carryover."
"SWOSUCOMSC1053ZacharyFall2026","26","26. Additional Labs: Classes","26.24","26.24 LAB*: Program: Online shopping cart (Part 2)","OPTIONAL","1 / as needed","Reference, refresher, enrichment, or extra practice; not required for all students.","Use only to diagnose/review OOP carryover."
"SWOSUCOMSC1053ZacharyFall2026","26","26. Additional Labs: Classes","26.25","26.25 LAB*: Program: Lucky 7","OPTIONAL","1 / as needed","Reference, refresher, enrichment, or extra practice; not required for all students.","Use only to diagnose/review OOP carryover."
"SWOSUCOMSC1053ZacharyFall2026","26","26. Additional Labs: Classes","26.26","26.26 LAB*: Program: Fancy car","OPTIONAL","1 / as needed","Reference, refresher, enrichment, or extra practice; not required for all students.","Use only to diagnose/review OOP carryover."
"SWOSUCOMSC1053ZacharyFall2026","26","26. Additional Labs: Classes","26.27","26.27 LAB*: Program: Self pay kiosk","OPTIONAL","1 / as needed","Reference, refresher, enrichment, or extra practice; not required for all students.","Use only to diagnose/review OOP carryover."
"SWOSUCOMSC1053ZacharyFall2026","27","27. Additional Labs: Exceptions","27.1","27.1 LAB: Exceptions with read-only files","OPTIONAL","2-3 / as needed","Reference, refresher, enrichment, or extra practice; not required for all students.","No normal-path dependency."
"SWOSUCOMSC1053ZacharyFall2026","28","28. Additional Labs: Files","28.1","28.1 LAB: Parsing food data","OPTIONAL","5 / as needed","Reference, refresher, enrichment, or extra practice; not required for all students.","No normal-path dependency."
"SWOSUCOMSC1053ZacharyFall2026","28","28. Additional Labs: Files","28.2","28.2 LAB: Movie show time display","OPTIONAL","5 / as needed","Reference, refresher, enrichment, or extra practice; not required for all students.","No normal-path dependency."
"SWOSUCOMSC1053ZacharyFall2026","29","29. Additional Labs: Recursion","29.1","29.1 LAB: Drawing an upside down triangle","OPTIONAL","10-11 / as needed","Reference, refresher, enrichment, or extra practice; not required for all students.","No normal-path dependency."
"SWOSUCOMSC1053ZacharyFall2026","29","29. Additional Labs: Recursion","29.2","29.2 LAB: Reverse a string","OPTIONAL","10-11 / as needed","Reference, refresher, enrichment, or extra practice; not required for all students.","No normal-path dependency."
"SWOSUCOMSC1053ZacharyFall2026","30","30. Python for Data Science","30.1","30.1 Introduction to data science","OPTIONAL","12 / enrichment","Reference, refresher, enrichment, or extra practice; not required for all students.","No normal-path dependency."
"SWOSUCOMSC1053ZacharyFall2026","30","30. Python for Data Science","30.2","30.2 Data science life cycle","OPTIONAL","12 / enrichment","Reference, refresher, enrichment, or extra practice; not required for all students.","No normal-path dependency."
"SWOSUCOMSC1053ZacharyFall2026","30","30. Python for Data Science","30.3","30.3 Introduction to Python for data science","OPTIONAL","12 / enrichment","Reference, refresher, enrichment, or extra practice; not required for all students.","No normal-path dependency."
"SWOSUCOMSC1053ZacharyFall2026","30","30. Python for Data Science","30.4","30.4 Introduction to Jupyter Notebooks","OPTIONAL","12 / enrichment","Reference, refresher, enrichment, or extra practice; not required for all students.","No normal-path dependency."
"SWOSUCOMSC1053ZacharyFall2026","31","31. Coding Practice Problems","31.1","31.1 Coding practice problems overview","UNUSED","","CS1 prerequisite/repetition or extra-bank content; preserve student time for CS2 depth.","No normal-path dependency."
"SWOSUCOMSC1053ZacharyFall2026","31","31. Coding Practice Problems","31.2","31.2 PRACTICE: Input/Output* Mad Libs","UNUSED","","CS1 prerequisite/repetition or extra-bank content; preserve student time for CS2 depth.","No normal-path dependency."
"SWOSUCOMSC1053ZacharyFall2026","31","31. Coding Practice Problems","31.3","31.3 PRACTICE: Input/Output* Welcome Message","UNUSED","","CS1 prerequisite/repetition or extra-bank content; preserve student time for CS2 depth.","No normal-path dependency."
"SWOSUCOMSC1053ZacharyFall2026","31","31. Coding Practice Problems","31.4","31.4 PRACTICE: Expressions* Percentages","UNUSED","","CS1 prerequisite/repetition or extra-bank content; preserve student time for CS2 depth.","No normal-path dependency."
"SWOSUCOMSC1053ZacharyFall2026","31","31. Coding Practice Problems","31.5","31.5 PRACTICE: Expressions* Inches to feet","UNUSED","","CS1 prerequisite/repetition or extra-bank content; preserve student time for CS2 depth.","No normal-path dependency."
"SWOSUCOMSC1053ZacharyFall2026","31","31. Coding Practice Problems","31.6","31.6 PRACTICE: Expressions*: Simple floating-point expression","UNUSED","","CS1 prerequisite/repetition or extra-bank content; preserve student time for CS2 depth.","No normal-path dependency."
"SWOSUCOMSC1053ZacharyFall2026","31","31. Coding Practice Problems","31.7","31.7 PRACTICE: Expressions*: Distance formula","UNUSED","","CS1 prerequisite/repetition or extra-bank content; preserve student time for CS2 depth.","No normal-path dependency."
"SWOSUCOMSC1053ZacharyFall2026","31","31. Coding Practice Problems","31.8","31.8 PRACTICE: Expressions* Phone numbers","UNUSED","","CS1 prerequisite/repetition or extra-bank content; preserve student time for CS2 depth.","No normal-path dependency."
"SWOSUCOMSC1053ZacharyFall2026","31","31. Coding Practice Problems","31.9","31.9 PRACTICE: Expressions* Proper name layout","UNUSED","","CS1 prerequisite/repetition or extra-bank content; preserve student time for CS2 depth.","No normal-path dependency."
"SWOSUCOMSC1053ZacharyFall2026","31","31. Coding Practice Problems","31.10","31.10 PRACTICE: Expressions*: Test","UNUSED","","CS1 prerequisite/repetition or extra-bank content; preserve student time for CS2 depth.","No normal-path dependency."
"SWOSUCOMSC1053ZacharyFall2026","31","31. Coding Practice Problems","31.11","31.11 PRACTICE: Branches*: Shape display","UNUSED","","CS1 prerequisite/repetition or extra-bank content; preserve student time for CS2 depth.","No normal-path dependency."
"SWOSUCOMSC1053ZacharyFall2026","31","31. Coding Practice Problems","31.12","31.12 PRACTICE: Branches*: Guitar tabs","UNUSED","","CS1 prerequisite/repetition or extra-bank content; preserve student time for CS2 depth.","No normal-path dependency."
"SWOSUCOMSC1053ZacharyFall2026","31","31. Coding Practice Problems","31.13","31.13 PRACTICE: Branches*: Listing names","UNUSED","","CS1 prerequisite/repetition or extra-bank content; preserve student time for CS2 depth.","No normal-path dependency."
"SWOSUCOMSC1053ZacharyFall2026","31","31. Coding Practice Problems","31.14","31.14 PRACTICE: Branches**: Complex cost structure","UNUSED","","CS1 prerequisite/repetition or extra-bank content; preserve student time for CS2 depth.","No normal-path dependency."
"SWOSUCOMSC1053ZacharyFall2026","31","31. Coding Practice Problems","31.15","31.15 PRACTICE: Branches**: Caption punctuation","UNUSED","","CS1 prerequisite/repetition or extra-bank content; preserve student time for CS2 depth.","No normal-path dependency."
"SWOSUCOMSC1053ZacharyFall2026","31","31. Coding Practice Problems","31.16","31.16 PRACTICE: Branches**: 24-hour time","UNUSED","","CS1 prerequisite/repetition or extra-bank content; preserve student time for CS2 depth.","No normal-path dependency."
"SWOSUCOMSC1053ZacharyFall2026","31","31. Coding Practice Problems","31.17","31.17 PRACTICE: Branches**: Next date","UNUSED","","CS1 prerequisite/repetition or extra-bank content; preserve student time for CS2 depth.","No normal-path dependency."
"SWOSUCOMSC1053ZacharyFall2026","31","31. Coding Practice Problems","31.18","31.18 PRACTICE: Branches**: Runway headings","UNUSED","","CS1 prerequisite/repetition or extra-bank content; preserve student time for CS2 depth.","No normal-path dependency."
"SWOSUCOMSC1053ZacharyFall2026","31","31. Coding Practice Problems","31.19","31.19 PRACTICE: Branches** Leap Year","UNUSED","","CS1 prerequisite/repetition or extra-bank content; preserve student time for CS2 depth.","No normal-path dependency."
"SWOSUCOMSC1053ZacharyFall2026","31","31. Coding Practice Problems","31.20","31.20 PRACTICE: Branches***: Next license plate number","UNUSED","","CS1 prerequisite/repetition or extra-bank content; preserve student time for CS2 depth.","No normal-path dependency."
"SWOSUCOMSC1053ZacharyFall2026","31","31. Coding Practice Problems","31.21","31.21 PRACTICE: Loops (for)*: Output sequence","UNUSED","","CS1 prerequisite/repetition or extra-bank content; preserve student time for CS2 depth.","No normal-path dependency."
"SWOSUCOMSC1053ZacharyFall2026","31","31. Coding Practice Problems","31.22","31.22 PRACTICE: Loops (for)*: Output evens","UNUSED","","CS1 prerequisite/repetition or extra-bank content; preserve student time for CS2 depth.","No normal-path dependency."
"SWOSUCOMSC1053ZacharyFall2026","31","31. Coding Practice Problems","31.23","31.23 PRACTICE: Loops*: Output integers as comma-separated list","UNUSED","","CS1 prerequisite/repetition or extra-bank content; preserve student time for CS2 depth.","No normal-path dependency."
"SWOSUCOMSC1053ZacharyFall2026","31","31. Coding Practice Problems","31.24","31.24 PRACTICE: Loops*: Password requirements","UNUSED","","CS1 prerequisite/repetition or extra-bank content; preserve student time for CS2 depth.","No normal-path dependency."
"SWOSUCOMSC1053ZacharyFall2026","31","31. Coding Practice Problems","31.25","31.25 PRACTICE: Loops*: Biggest difference","UNUSED","","CS1 prerequisite/repetition or extra-bank content; preserve student time for CS2 depth.","No normal-path dependency."
"SWOSUCOMSC1053ZacharyFall2026","31","31. Coding Practice Problems","31.26","31.26 PRACTICE: Loops*: Check if sorted","UNUSED","","CS1 prerequisite/repetition or extra-bank content; preserve student time for CS2 depth.","No normal-path dependency."
"SWOSUCOMSC1053ZacharyFall2026","31","31. Coding Practice Problems","31.27","31.27 PRACTICE: Loops (while)**: Output rocket height","UNUSED","","CS1 prerequisite/repetition or extra-bank content; preserve student time for CS2 depth.","No normal-path dependency."
"SWOSUCOMSC1053ZacharyFall2026","31","31. Coding Practice Problems","31.28","31.28 PRACTICE: Loops (while)**: Compute modified average","UNUSED","","CS1 prerequisite/repetition or extra-bank content; preserve student time for CS2 depth.","No normal-path dependency."
"SWOSUCOMSC1053ZacharyFall2026","31","31. Coding Practice Problems","31.29","31.29 PRACTICE: Loops (nested)**: Sum a given number of integers","UNUSED","","CS1 prerequisite/repetition or extra-bank content; preserve student time for CS2 depth.","No normal-path dependency."
"SWOSUCOMSC1053ZacharyFall2026","31","31. Coding Practice Problems","31.30","31.30 PRACTICE: Loops (nested)**: HTML table","UNUSED","","CS1 prerequisite/repetition or extra-bank content; preserve student time for CS2 depth.","No normal-path dependency."
"SWOSUCOMSC1053ZacharyFall2026","31","31. Coding Practice Problems","31.31","31.31 PRACTICE: Loops**: Removing leading/trailing whitespace","UNUSED","","CS1 prerequisite/repetition or extra-bank content; preserve student time for CS2 depth.","No normal-path dependency."
"SWOSUCOMSC1053ZacharyFall2026","31","31. Coding Practice Problems","31.32","31.32 PRACTICE: Loops**: Output integer's digits","UNUSED","","CS1 prerequisite/repetition or extra-bank content; preserve student time for CS2 depth.","No normal-path dependency."
"SWOSUCOMSC1053ZacharyFall2026","31","31. Coding Practice Problems","31.33","31.33 PRACTICE: Loops**: Customer lookup","UNUSED","","CS1 prerequisite/repetition or extra-bank content; preserve student time for CS2 depth.","No normal-path dependency."
"SWOSUCOMSC1053ZacharyFall2026","31","31. Coding Practice Problems","31.34","31.34 PRACTICE: Loops**: Word count","UNUSED","","CS1 prerequisite/repetition or extra-bank content; preserve student time for CS2 depth.","No normal-path dependency."
"SWOSUCOMSC1053ZacharyFall2026","31","31. Coding Practice Problems","31.35","31.35 PRACTICE: Loops**: Academic index score table","UNUSED","","CS1 prerequisite/repetition or extra-bank content; preserve student time for CS2 depth.","No normal-path dependency."
"SWOSUCOMSC1053ZacharyFall2026","31","31. Coding Practice Problems","31.36","31.36 PRACTICE: Loops**: TV aspect ratios","UNUSED","","CS1 prerequisite/repetition or extra-bank content; preserve student time for CS2 depth.","No normal-path dependency."
"SWOSUCOMSC1053ZacharyFall2026","31","31. Coding Practice Problems","31.37","31.37 PRACTICE: Functions*: Calorie estimator","UNUSED","","CS1 prerequisite/repetition or extra-bank content; preserve student time for CS2 depth.","No normal-path dependency."
"SWOSUCOMSC1053ZacharyFall2026","31","31. Coding Practice Problems","31.38","31.38 PRACTICE: Function*: Split cents into dollars and cents","UNUSED","","CS1 prerequisite/repetition or extra-bank content; preserve student time for CS2 depth.","No normal-path dependency."
"SWOSUCOMSC1053ZacharyFall2026","31","31. Coding Practice Problems","31.39","31.39 PRACTICE: Functions*: Rectangles sizes","UNUSED","","CS1 prerequisite/repetition or extra-bank content; preserve student time for CS2 depth.","No normal-path dependency."
"SWOSUCOMSC1053ZacharyFall2026","31","31. Coding Practice Problems","31.40","31.40 PRACTICE: Functions*: Digits to number","UNUSED","","CS1 prerequisite/repetition or extra-bank content; preserve student time for CS2 depth.","No normal-path dependency."
"SWOSUCOMSC1053ZacharyFall2026","31","31. Coding Practice Problems","31.41","31.41 PRACTICE: Functions*: Rotate three values","UNUSED","","CS1 prerequisite/repetition or extra-bank content; preserve student time for CS2 depth.","No normal-path dependency."
"SWOSUCOMSC1053ZacharyFall2026","31","31. Coding Practice Problems","31.42","31.42 PRACTICE: Functions**: Compute max","UNUSED","","CS1 prerequisite/repetition or extra-bank content; preserve student time for CS2 depth.","No normal-path dependency."
"SWOSUCOMSC1053ZacharyFall2026","31","31. Coding Practice Problems","31.43","31.43 PRACTICE: Functions**: Sort three values","UNUSED","","CS1 prerequisite/repetition or extra-bank content; preserve student time for CS2 depth.","No normal-path dependency."
"SWOSUCOMSC1053ZacharyFall2026","31","31. Coding Practice Problems","31.44","31.44 PRACTICE: Functions**: Rideshare pickup time","UNUSED","","CS1 prerequisite/repetition or extra-bank content; preserve student time for CS2 depth.","No normal-path dependency."
"SWOSUCOMSC1053ZacharyFall2026","31","31. Coding Practice Problems","31.45","31.45 PRACTICE: Functions**: User age","UNUSED","","CS1 prerequisite/repetition or extra-bank content; preserve student time for CS2 depth.","No normal-path dependency."
"SWOSUCOMSC1053ZacharyFall2026","31","31. Coding Practice Problems","31.46","31.46 PRACTICE: Functions**: Simulating waiting time (fast clerk)","UNUSED","","CS1 prerequisite/repetition or extra-bank content; preserve student time for CS2 depth.","No normal-path dependency."
"SWOSUCOMSC1053ZacharyFall2026","31","31. Coding Practice Problems","31.47","31.47 PRACTICE: Functions**: Number to words","UNUSED","","CS1 prerequisite/repetition or extra-bank content; preserve student time for CS2 depth.","No normal-path dependency."
"SWOSUCOMSC1053ZacharyFall2026","31","31. Coding Practice Problems","31.48","31.48 PRACTICE: Functions**: Driving cost estimator","UNUSED","","CS1 prerequisite/repetition or extra-bank content; preserve student time for CS2 depth.","No normal-path dependency."
"SWOSUCOMSC1053ZacharyFall2026","31","31. Coding Practice Problems","31.49","31.49 PRACTICE: Functions**: Next char in string","UNUSED","","CS1 prerequisite/repetition or extra-bank content; preserve student time for CS2 depth.","No normal-path dependency."
"SWOSUCOMSC1053ZacharyFall2026","31","31. Coding Practice Problems","31.50","31.50 PRACTICE: Functions***: Electric bill","UNUSED","","CS1 prerequisite/repetition or extra-bank content; preserve student time for CS2 depth.","No normal-path dependency."
"SWOSUCOMSC1053ZacharyFall2026","31","31. Coding Practice Problems","31.51","31.51 PRACTICE: Functions***: Commas in integer","UNUSED","","CS1 prerequisite/repetition or extra-bank content; preserve student time for CS2 depth.","No normal-path dependency."
"SWOSUCOMSC1053ZacharyFall2026","31","31. Coding Practice Problems","31.52","31.52 PRACTICE: Functions***: Find next substring","UNUSED","","CS1 prerequisite/repetition or extra-bank content; preserve student time for CS2 depth.","No normal-path dependency."
"SWOSUCOMSC1053ZacharyFall2026","31","31. Coding Practice Problems","31.53","31.53 PRACTICE: Functions***: Output guitar tabs","UNUSED","","CS1 prerequisite/repetition or extra-bank content; preserve student time for CS2 depth.","No normal-path dependency."
"SWOSUCOMSC1053ZacharyFall2026","31","31. Coding Practice Problems","31.54","31.54 PRACTICE: Lists*: Find max","UNUSED","","CS1 prerequisite/repetition or extra-bank content; preserve student time for CS2 depth.","No normal-path dependency."
"SWOSUCOMSC1053ZacharyFall2026","31","31. Coding Practice Problems","31.55","31.55 PRACTICE: Lists*: Outputting multiple elements per line","UNUSED","","CS1 prerequisite/repetition or extra-bank content; preserve student time for CS2 depth.","No normal-path dependency."
"SWOSUCOMSC1053ZacharyFall2026","31","31. Coding Practice Problems","31.56","31.56 PRACTICE: Lists*: Copying only negative values","UNUSED","","CS1 prerequisite/repetition or extra-bank content; preserve student time for CS2 depth.","No normal-path dependency."
"SWOSUCOMSC1053ZacharyFall2026","31","31. Coding Practice Problems","31.57","31.57 PRACTICE: Lists**: Binary to decimal conversion","UNUSED","","CS1 prerequisite/repetition or extra-bank content; preserve student time for CS2 depth.","No normal-path dependency."
"SWOSUCOMSC1053ZacharyFall2026","31","31. Coding Practice Problems","31.58","31.58 PRACTICE: Lists**: Min, max, average","UNUSED","","CS1 prerequisite/repetition or extra-bank content; preserve student time for CS2 depth.","No normal-path dependency."
"SWOSUCOMSC1053ZacharyFall2026","31","31. Coding Practice Problems","31.59","31.59 PRACTICE: Lists**: Mode","UNUSED","","CS1 prerequisite/repetition or extra-bank content; preserve student time for CS2 depth.","No normal-path dependency."
"SWOSUCOMSC1053ZacharyFall2026","31","31. Coding Practice Problems","31.60","31.60 PRACTICE: Lists**: Longest sequence","UNUSED","","CS1 prerequisite/repetition or extra-bank content; preserve student time for CS2 depth.","No normal-path dependency."
"SWOSUCOMSC1053ZacharyFall2026","31","31. Coding Practice Problems","31.61","31.61 PRACTICE: Lists**: Reverse in place","UNUSED","","CS1 prerequisite/repetition or extra-bank content; preserve student time for CS2 depth.","No normal-path dependency."
"SWOSUCOMSC1053ZacharyFall2026","31","31. Coding Practice Problems","31.62","31.62 PRACTICE: Lists***: Bowling score","UNUSED","","CS1 prerequisite/repetition or extra-bank content; preserve student time for CS2 depth.","No normal-path dependency."
"SWOSUCOMSC1053ZacharyFall2026","31","31. Coding Practice Problems","31.63","31.63 PRACTICE: Lists***: Grouping into ranges","UNUSED","","CS1 prerequisite/repetition or extra-bank content; preserve student time for CS2 depth.","No normal-path dependency."
"SWOSUCOMSC1053ZacharyFall2026","32","32. Artificial Intelligence","32.1","32.1 Artificial intelligence","OPTIONAL","coursewide / enrichment","Reference, refresher, enrichment, or extra practice; not required for all students.","No normal-path dependency."
"SWOSUCOMSC1053ZacharyFall2026","32","32. Artificial Intelligence","32.2","32.2 Generative AI and LLMs","OPTIONAL","coursewide / enrichment","Reference, refresher, enrichment, or extra practice; not required for all students.","No normal-path dependency."
"SWOSUCOMSC1053ZacharyFall2026","32","32. Artificial Intelligence","32.3","32.3 Generative AI in action","OPTIONAL","coursewide / enrichment","Reference, refresher, enrichment, or extra practice; not required for all students.","No normal-path dependency."
"SWOSUCOMSC1053ZacharyFall2026","32","32. Artificial Intelligence","32.4","32.4 Using AI in coding","OPTIONAL","coursewide / enrichment","Reference, refresher, enrichment, or extra practice; not required for all students.","No normal-path dependency."
"SWOSUCOMSC1053ZacharyFall2026","32","32. Artificial Intelligence","32.5","32.5 Generative AI Programming in Python","OPTIONAL","coursewide / enrichment","Reference, refresher, enrichment, or extra practice; not required for all students.","No normal-path dependency."
"SWOSUCOMSC1053ZacharyFall2026","32","32. Artificial Intelligence","32.6","32.6 Building AI systems","OPTIONAL","coursewide / enrichment","Reference, refresher, enrichment, or extra practice; not required for all students.","No normal-path dependency."
"SWOSUCOMSC1053ZacharyFall2026","32","32. Artificial Intelligence","32.7","32.7 Building a simple RAG system in Python","OPTIONAL","coursewide / enrichment","Reference, refresher, enrichment, or extra practice; not required for all students.","No normal-path dependency."
"SWOSUCOMSC1053ZacharyFall2026","32","32. Artificial Intelligence","32.8","32.8 Risks and ethics in AI","OPTIONAL","coursewide / enrichment","Reference, refresher, enrichment, or extra practice; not required for all students.","No normal-path dependency."
